{
  "model_key": "futures",
  "timeframe": "1d",
  "saved_at": "2026-05-17T04:39:25.133501+00:00",
  "features": {
    "frac_diff_d40": {
      "mean": 477.71024194927236,
      "std": 1889.3995583675871,
      "q05": 2.9851974534200227e-06,
      "q95": 3114.9634742463872,
      "n": 13677,
      "bin_edges": [
        -3312.685215797803,
        0.003103069553148073,
        0.011923288936394853,
        0.038953360381319295,
        0.14522616939516117,
        0.6236046604963423,
        1.555669058072654,
        6.1114834266424225,
        34.36365725450118,
        505.50532462828846,
        17935.467951579583
      ],
      "bin_props": [
        0.10002193463478833,
        0.10002193463478833,
        0.09994881918549389,
        0.10002193463478833,
        0.09994881918549389,
        0.10002193463478833,
        0.10002193463478833,
        0.09994881918549389,
        0.10002193463478833,
        0.10002193463478833
      ]
    },
    "rsi_14": {
      "mean": 52.82604138704372,
      "std": 13.158249823861535,
      "q05": 32.97507761246155,
      "q95": 76.37181677915508,
      "n": 13677,
      "bin_edges": [
        10.49779737033468,
        36.85761139933313,
        41.412825056635896,
        45.119426348448414,
        48.41480709849094,
        51.80803383766579,
        55.3464736542856,
        59.21998910402569,
        63.88430635991337,
        70.80492254065172,
        97.97067745048302
      ],
      "bin_props": [
        0.10002193463478833,
        0.10002193463478833,
        0.09994881918549389,
        0.10002193463478833,
        0.09994881918549389,
        0.10002193463478833,
        0.10002193463478833,
        0.09994881918549389,
        0.10002193463478833,
        0.10002193463478833
      ]
    },
    "dist_to_support": {
      "mean": 0.19671050872972043,
      "std": 0.1496645698323848,
      "q05": 0.027491513408026764,
      "q95": 0.5039645196126329,
      "n": 13677,
      "bin_edges": [
        0.0005013446446219883,
        0.04186046511627906,
        0.06975680455276764,
        0.09833964015118729,
        0.1301766256512285,
        0.16351716158889307,
        0.19992855595454545,
        0.24170629160781912,
        0.29875544189517167,
        0.3946948162520017,
        0.9999633749882063
      ],
      "bin_props": [
        0.09994881918549389,
        0.10009505008408277,
        0.09994881918549389,
        0.10002193463478833,
        0.09994881918549389,
        0.10002193463478833,
        0.10002193463478833,
        0.09994881918549389,
        0.10002193463478833,
        0.10002193463478833
      ]
    },
    "volume_drop": {
      "mean": 0.19938583022592674,
      "std": 0.3995532421162446,
      "q05": 0.0,
      "q95": 1.0,
      "n": 13677,
      "bin_edges": [
        0.0,
        1.000000001
      ],
      "bin_props": [
        1.0
      ]
    },
    "hour": {
      "mean": 0.0,
      "std": 0.0,
      "q05": 0.0,
      "q95": 0.0,
      "n": 13677,
      "bin_edges": [
        0.0,
        1e-09
      ],
      "bin_props": [
        1.0
      ]
    },
    "roc_5": {
      "mean": 0.030353888867306923,
      "std": 0.15304013059798102,
      "q05": -0.12230823821017209,
      "q95": 0.22504576408718843,
      "n": 13677,
      "bin_edges": [
        -0.6099059746797957,
        -0.0854055111454858,
        -0.04830569857407152,
        -0.024808800630086277,
        -0.0072373181176493065,
        0.009610618184642927,
        0.028214151618274227,
        0.053586632898507736,
        0.09087288285262596,
        0.1548590266955391,
        4.26836518146709
      ],
      "bin_props": [
        0.10002193463478833,
        0.10002193463478833,
        0.09994881918549389,
        0.10002193463478833,
        0.09994881918549389,
        0.10002193463478833,
        0.10002193463478833,
        0.09994881918549389,
        0.10002193463478833,
        0.10002193463478833
      ]
    },
    "ofi_z": {
      "mean": 0.01043628325024186,
      "std": 1.0413032518111935,
      "q05": -1.7537048003507023,
      "q95": 1.7473434516500193,
      "n": 13677,
      "bin_edges": [
        -3.0,
        -1.2879447457909958,
        -0.7719123283664872,
        -0.4409434483199966,
        -0.20483851374735498,
        0.02045473027714618,
        0.24677322325073656,
        0.49589431568064984,
        0.7976425517049821,
        1.269092851874428,
        3.000000001
      ],
      "bin_props": [
        0.10002193463478833,
        0.10002193463478833,
        0.09994881918549389,
        0.10002193463478833,
        0.09994881918549389,
        0.10002193463478833,
        0.10002193463478833,
        0.09994881918549389,
        0.10002193463478833,
        0.10002193463478833
      ]
    },
    "funding_z": {
      "mean": 0.0,
      "std": 0.0,
      "q05": 0.0,
      "q95": 0.0,
      "n": 13677,
      "bin_edges": [
        0.0,
        1e-09
      ],
      "bin_props": [
        1.0
      ]
    },
    "funding_positive": {
      "mean": 0.0,
      "std": 0.0,
      "q05": 0.0,
      "q95": 0.0,
      "n": 13677,
      "bin_edges": [
        0.0,
        1e-09
      ],
      "bin_props": [
        1.0
      ]
    },
    "funding_negative": {
      "mean": 0.0,
      "std": 0.0,
      "q05": 0.0,
      "q95": 0.0,
      "n": 13677,
      "bin_edges": [
        0.0,
        1e-09
      ],
      "bin_props": [
        1.0
      ]
    },
    "dist_to_supply": {
      "mean": 4.009159411917421,
      "std": 3.013502516267398,
      "q05": 0.35218127124044285,
      "q95": 10.0,
      "n": 13677,
      "bin_edges": [
        0.0,
        0.620588796523108,
        1.123287671232876,
        1.7100481363531859,
        2.4137439665720652,
        3.2940009326396456,
        4.297020142141879,
        5.515214634844068,
        6.941341237097463,
        8.968659690114634,
        10.000000001
      ],
      "bin_props": [
        0.10002193463478833,
        0.10002193463478833,
        0.09994881918549389,
        0.10002193463478833,
        0.09994881918549389,
        0.10002193463478833,
        0.10002193463478833,
        0.09994881918549389,
        0.10002193463478833,
        0.10002193463478833
      ]
    },
    "liq_proximity": {
      "mean": 0.40788104213186044,
      "std": 0.1813553874732563,
      "q05": 0.18596198829775018,
      "q95": 0.7729905937569922,
      "n": 13677,
      "bin_edges": [
        0.09090909090909091,
        0.2133626745865841,
        0.2534926927734242,
        0.2880677705912467,
        0.32273342354533147,
        0.3638567569439637,
        0.4116763010969083,
        0.475168911624411,
        0.5578947368421053,
        0.6762125130255336,
        1.000000001
      ],
      "bin_props": [
        0.10002193463478833,
        0.10002193463478833,
        0.09994881918549389,
        0.10002193463478833,
        0.09994881918549389,
        0.10002193463478833,
        0.10002193463478833,
        0.09994881918549389,
        0.10002193463478833,
        0.10002193463478833
      ]
    },
    "signal_rsi": {
      "mean": -0.08283980405059589,
      "std": 0.36290628632417354,
      "q05": -1.0,
      "q95": 0.0,
      "n": 13677,
      "bin_edges": [
        -1.0,
        0.0,
        1.000000001
      ],
      "bin_props": [
        0.11069679023177598,
        0.8893032097682241
      ]
    },
    "trend_strength": {
      "mean": 0.574214131632455,
      "std": 0.42425241973367994,
      "q05": 0.051485845325271284,
      "q95": 1.288572387472262,
      "n": 13677,
      "bin_edges": [
        2.755322648330528e-05,
        0.10194842598876115,
        0.20420353455667023,
        0.3072639935565815,
        0.4074839819338897,
        0.5084643798898759,
        0.6250085525122427,
        0.754657540639388,
        0.9051234070083117,
        1.1205211797623795,
        8.239629506428892
      ],