{
  "model_key": "futures",
  "timeframe": "1h",
  "saved_at": "2026-05-17T04:27:29.439196+00:00",
  "features": {
    "frac_diff_d40": {
      "mean": 406.5862512986796,
      "std": 1611.5777979877137,
      "q05": 0.002206432465058921,
      "q95": 2761.2742029188003,
      "n": 372675,
      "bin_edges": [
        -735.1488528765522,
        0.00667049946380638,
        0.02013990114596348,
        0.050872036816019824,
        0.20965363222683567,
        0.7044161662044495,
        1.4354530586310643,
        6.565247551579069,
        36.540952657184405,
        381.9787363438041,
        15884.627243971376
      ],
      "bin_props": [
        0.10000134165157308,
        0.09999865834842692,
        0.10000134165157308,
        0.09999865834842692,
        0.09999865834842692,
        0.10000134165157308,
        0.09999865834842692,
        0.10000134165157308,
        0.09999865834842692,
        0.10000134165157308
      ]
    },
    "rsi_14": {
      "mean": 50.48128706623596,
      "std": 11.903313804636609,
      "q05": 30.926158323821756,
      "q95": 70.56602962291718,
      "n": 372675,
      "bin_edges": [
        3.5318874016449797,
        35.35611116788638,
        40.661305414121436,
        44.3517438366996,
        47.448333204144745,
        50.37975912039749,
        53.310396097918215,
        56.429005235645086,
        60.21117500723062,
        65.81755133187797,
        98.79191168368733
      ],
      "bin_props": [
        0.10000134165157308,
        0.09999865834842692,
        0.10000134165157308,
        0.09999865834842692,
        0.09999865834842692,
        0.10000134165157308,
        0.09999865834842692,
        0.10000134165157308,
        0.09999865834842692,
        0.10000134165157308
      ]
    },
    "dist_to_support": {
      "mean": 0.03705122288439145,
      "std": 0.03916516927721293,
      "q05": 0.0042637862421830335,
      "q95": 0.10621633219255658,
      "n": 372675,
      "bin_edges": [
        0.0,
        0.006829268292682862,
        0.011183783958061298,
        0.015384615384615405,
        0.02010557389850455,
        0.025673137132122877,
        0.032623542422034524,
        0.04159673047039078,
        0.054687500000000056,
        0.0791536573957998,
        0.9999624634624623
      ],
      "bin_props": [
        0.09999865834842692,
        0.10000134165157308,
        0.10000134165157308,
        0.09999865834842692,
        0.09999865834842692,
        0.10000134165157308,
        0.09999865834842692,
        0.10000134165157308,
        0.09999865834842692,
        0.10000134165157308
      ]
    },
    "volume_drop": {
      "mean": 0.26051921915878445,
      "std": 0.43891852608954374,
      "q05": 0.0,
      "q95": 1.0,
      "n": 372675,
      "bin_edges": [
        0.0,
        1.000000001
      ],
      "bin_props": [
        1.0
      ]
    },
    "hour": {
      "mean": 11.237571610652713,
      "std": 6.568864330565486,
      "q05": 1.0,
      "q95": 22.0,
      "n": 372675,
      "bin_edges": [
        0.0,
        2.0,
        5.0,
        7.0,
        9.0,
        11.0,
        13.0,
        15.0,
        18.0,
        21.0,
        23.000000001
      ],
      "bin_props": [
        0.06951096800160998,
        0.11925940833165627,
        0.09278593949151405,
        0.09699067552156705,
        0.09716240692292212,
        0.09772590058361844,
        0.09193533239417723,
        0.12025491379888643,
        0.107307976118602,
        0.10706647883544644
      ]
    },
    "roc_5": {
      "mean": 0.0008059702790802516,
      "std": 0.022958894966926914,
      "q05": -0.02878062343289308,
      "q95": 0.031685053115737924,
      "n": 372675,
      "bin_edges": [
        -0.5788506114619134,
        -0.01882904883179659,
        -0.010233449188183651,
        -0.005638679455296946,
        -0.0024154589371980116,
        0.00021822149481720565,
        0.002931375222085997,
        0.006273095232976539,
        0.011192792033493507,
        0.020554424839534274,
        2.119374532835206
      ],
      "bin_props": [
        0.10000134165157308,
        0.09999865834842692,
        0.10000134165157308,
        0.09999865834842692,
        0.09999865834842692,
        0.10000134165157308,
        0.09999865834842692,
        0.10000134165157308,
        0.09999865834842692,
        0.10000134165157308
      ]
    },
    "ofi_z": {
      "mean": 0.0040200682785054695,
      "std": 1.015212267481953,
      "q05": -1.7512116107077256,
      "q95": 1.6921412920474708,
      "n": 372675,
      "bin_edges": [
        -3.0,
        -1.2202932928367762,
        -0.7038660829931561,
        -0.4022104534248221,
        -0.17601140103653698,
        0.02170774987888957,
        0.2175104032653784,
        0.4322447401857253,
        0.7106798440115711,
        1.1913166885329645,
        3.000000001
      ],
      "bin_props": [
        0.10000134165157308,
        0.09999865834842692,
        0.10000134165157308,
        0.09999865834842692,
        0.09999865834842692,
        0.10000134165157308,
        0.09999865834842692,
        0.10000134165157308,
        0.09999865834842692,
        0.10000134165157308
      ]
    },
    "funding_z": {
      "mean": 0.0,
      "std": 0.0,
      "q05": 0.0,
      "q95": 0.0,
      "n": 372675,
      "bin_edges": [
        0.0,
        1e-09
      ],
      "bin_props": [
        1.0
      ]
    },
    "funding_positive": {
      "mean": 0.0,
      "std": 0.0,
      "q05": 0.0,
      "q95": 0.0,
      "n": 372675,
      "bin_edges": [
        0.0,
        1e-09
      ],
      "bin_props": [
        1.0
      ]
    },
    "funding_negative": {
      "mean": 0.0,
      "std": 0.0,
      "q05": 0.0,
      "q95": 0.0,
      "n": 372675,
      "bin_edges": [
        0.0,
        1e-09
      ],
      "bin_props": [
        1.0
      ]
    },
    "dist_to_supply": {
      "mean": 3.687250672622105,
      "std": 2.490205490249259,
      "q05": 0.47165363638762364,
      "q95": 8.713446807419597,
      "n": 372675,
      "bin_edges": [
        0.0,
        0.8091659689072543,
        1.3946966912170704,
        1.971049557063254,
        2.5813699639735384,
        3.2345679012345756,
        3.9544023071081016,
        4.774608790363697,
        5.782458576039675,
        7.304347826086926,
        10.000000001
      ],
      "bin_props": [
        0.10000134165157308,
        0.09999865834842692,
        0.10000134165157308,
        0.09999865834842692,
        0.09999865834842692,
        0.10000134165157308,
        0.09999865834842692,
        0.10000134165157308,
        0.09999865834842692,
        0.10000134165157308
      ]
    },
    "liq_proximity": {
      "mean": 0.39661977287106026,
      "std": 0.17337035834495032,
      "q05": 0.18702336955349255,
      "q95": 0.7571266851684055,
      "n": 372675,
      "bin_edges": [
        0.09090909090909091,
        0.21576392295149294,
        0.25454487998965764,
        0.2869626424734571,
        0.31949032562529567,
        0.3555636100036255,
        0.39754098360655726,
        0.45075496254504577,
        0.5240000000000008,
        0.644776119402982,
        1.000000001
      ],
      "bin_props": [
        0.10000134165157308,
        0.09999865834842692,
        0.10000134165157308,
        0.09999865834842692,
        0.09999865834842692,
        0.10000134165157308,
        0.09999865834842692,
        0.10000134165157308,
        0.09999865834842692,
        0.10000134165157308
      ]
    },
    "signal_rsi": {
      "mean": -0.012120480311263166,
      "std": 0.3118222399712609,
      "q05": -1.0,
      "q95": 0.0,
      "n": 372675,
      "bin_edges": [
        -1.0,
        0.0,
        1.000000001
      ],
      "bin_props": [
        0.054750117394512646,
        0.9452498826054874
      ]
    },
    "trend_strength": {
      "mean": 0.5357197607193102,
      "std": 0.835163652400645,
      "q05": 0.04255085959841873,
      "q95": 1.2457987235666188,