{
  "model_key": "futures",
  "timeframe": "15m",
  "saved_at": "2026-05-17T04:21:12.338604+00:00",
  "features": {
    "frac_diff_d40": {
      "mean": 436.9314784178788,
      "std": 1672.7711228366143,
      "q05": 0.0018636199298353061,
      "q95": 3103.7739427022043,
      "n": 1339160,
      "bin_edges": [
        -284.1503335615048,
        0.006275552446104242,
        0.01735319272977823,
        0.05380653641067645,
        0.22076081197048408,
        0.7135327307435531,
        1.4006026706747159,
        5.1785549627320275,
        29.646576886449623,
        424.7030252698246,
        14717.486914232355
      ],
      "bin_props": [
        0.1,
        0.1,
        0.1,
        0.1,
        0.1,
        0.1,
        0.1,
        0.1,
        0.1,
        0.1
      ]
    },
    "rsi_14": {
      "mean": 50.54798727579206,
      "std": 11.117758115704564,
      "q05": 32.3135623374335,
      "q95": 69.02641519998816,
      "n": 1339160,
      "bin_edges": [
        2.0987233871093167,
        36.609686569621296,
        41.51082141441546,
        44.909754705564026,
        47.78900316961781,
        50.50872968751008,
        53.21249453948687,
        56.110377921897964,
        59.535433474709926,
        64.57338322862678,
        98.43257155624131
      ],
      "bin_props": [
        0.1,
        0.1,
        0.1,
        0.1,
        0.1,
        0.1,
        0.1,
        0.1,
        0.1,
        0.1
      ]
    },
    "dist_to_support": {
      "mean": 0.01865309277155329,
      "std": 0.02099301018377854,
      "q05": 0.0018633520756766555,
      "q95": 0.054366503732186315,
      "n": 1339160,
      "bin_edges": [
        0.0,
        0.003165207365881793,
        0.0053980434673371516,
        0.007582139848357303,
        0.009970729156084004,
        0.012738853503184617,
        0.01612903225806462,
        0.020620474423278773,
        0.02725366876310278,
        0.039881831610044265,
        0.999963322596244
      ],
      "bin_props": [
        0.1,
        0.1,
        0.09999850652647929,
        0.10000149347352072,
        0.1,
        0.09999925326323965,
        0.10000074673676036,
        0.09999701305295858,
        0.10000224021028108,
        0.10000074673676036
      ]
    },
    "volume_drop": {
      "mean": 0.2730584844230712,
      "std": 0.4455308033494133,
      "q05": 0.0,
      "q95": 1.0,
      "n": 1339160,
      "bin_edges": [
        0.0,
        1.000000001
      ],
      "bin_props": [
        1.0
      ]
    },
    "hour": {
      "mean": 11.567947071298425,
      "std": 6.786448874778365,
      "q05": 1.0,
      "q95": 22.0,
      "n": 1339160,
      "bin_edges": [
        0.0,
        2.0,
        5.0,
        7.0,
        9.0,
        11.0,
        13.0,
        16.0,
        19.0,
        21.0,
        23.000000001
      ],
      "bin_props": [
        0.08122479763433794,
        0.10000149347352072,
        0.08894082857910929,
        0.090025090355148,
        0.0882769795991517,
        0.10870769736252577,
        0.13862495892947818,
        0.09535231040353655,
        0.07126706293497416,
        0.1375787807282177
      ]
    },
    "roc_5": {
      "mean": 0.0003123106443076025,
      "std": 0.012192760198743146,
      "q05": -0.015138157426521932,
      "q95": 0.01607348305170883,
      "n": 1339160,
      "bin_edges": [
        -0.578108735687405,
        -0.009787928221859588,
        -0.005260757104671998,
        -0.002884111169375958,
        -0.0012224938875305957,
        0.0001019674044230312,
        0.0015299877600979173,
        0.0032223415682062218,
        0.005655133292536396,
        0.010359747493089773,
        0.8837058357242765
      ],
      "bin_props": [
        0.09999925326323965,
        0.10000074673676036,
        0.1,
        0.09999626631619822,
        0.10000373368380179,
        0.1,
        0.09999477284267749,
        0.1000052271573225,
        0.1,
        0.1
      ]
    },
    "ofi_z": {
      "mean": 0.0054690451174731905,
      "std": 1.0202220013667833,
      "q05": -1.7629077749845263,
      "q95": 1.7227159942040478,
      "n": 1339160,
      "bin_edges": [
        -3.0,
        -1.2040508026843975,
        -0.6798539647091627,
        -0.3865128266987986,
        -0.17012030562136152,
        0.019918961749089872,
        0.20650880561264195,
        0.41334135854571513,
        0.6899348879381204,
        1.1861844892679962,
        3.000000001
      ],
      "bin_props": [
        0.1,
        0.1,
        0.1,
        0.1,
        0.1,
        0.1,
        0.1,
        0.1,
        0.1,
        0.1
      ]
    },
    "funding_z": {
      "mean": 0.0,
      "std": 0.0,
      "q05": 0.0,
      "q95": 0.0,
      "n": 1339160,
      "bin_edges": [
        0.0,
        1e-09
      ],
      "bin_props": [
        1.0
      ]
    },
    "funding_positive": {
      "mean": 0.0,
      "std": 0.0,
      "q05": 0.0,
      "q95": 0.0,
      "n": 1339160,
      "bin_edges": [
        0.0,
        1e-09
      ],
      "bin_props": [
        1.0
      ]
    },
    "funding_negative": {
      "mean": 0.0,
      "std": 0.0,
      "q05": 0.0,
      "q95": 0.0,
      "n": 1339160,
      "bin_edges": [
        0.0,
        1e-09
      ],
      "bin_props": [
        1.0
      ]
    },
    "dist_to_supply": {
      "mean": 3.6312299688659904,
      "std": 2.4553423270186805,
      "q05": 0.42424242424245906,
      "q95": 8.636704826697084,
      "n": 1339160,
      "bin_edges": [
        0.0,
        0.7913670895239066,
        1.4075759343357983,
        1.986486486486473,
        2.573737373737373,
        3.1914553606895684,
        3.8705882352941012,
        4.653950953678449,
        5.632495164410067,
        7.155555555555553,
        10.000000001
      ],
      "bin_props": [
        0.1,
        0.1,
        0.09999925326323965,
        0.10000074673676036,
        0.1,
        0.1,
        0.1,
        0.09999925326323965,
        0.1,
        0.10000074673676036
      ]
    },
    "liq_proximity": {
      "mean": 0.3971199105173466,
      "std": 0.1812960957090039,
      "q05": 0.1816634871124207,
      "q95": 0.7817659086434018,
      "n": 1339160,
      "bin_edges": [
        0.09090909090909091,
        0.21146245059288432,
        0.25107563534867383,
        0.28372584854253885,
        0.31600585419090044,
        0.35185185185185314,
        0.3940066592674797,
        0.4483679112759402,
        0.5261538461538423,
        0.6606060606060615,
        1.000000001
      ],
      "bin_props": [
        0.1,
        0.1,
        0.1,
        0.1,
        0.09999925326323965,
        0.10000074673676036,
        0.1,
        0.1,
        0.09999925326323965,
        0.10000074673676036
      ]
    },
    "signal_rsi": {
      "mean": -0.008963081334567939,
      "std": 0.27525447455444607,
      "q05": 0.0,
      "q95": 0.0,
      "n": 1339160,
      "bin_edges": [
        -1.0,
        0.0,
        1.000000001
      ],
      "bin_props": [
        0.042404193673646166,
        0.9575958063263539
      ]
    },
    "trend_strength": {
      "mean": 0.5038673378791642,
      "std": 0.9390970800425618,
      "q05": 0.04048158443627205,
      "q95": 1.1897079801449835,
      "n": 1339160,
      "bin_edges": [
        1.518887503238795e-06,
        0.08104896788157481,
        0.16244098935605686,
        0.24599038179535437,
        0.33263802439670315,
        0.4255040022200446,
        0.5283643080471672,
        0.6462604148561975,
        0.7915419059194799,
        1.0053595912278694,
        243.69453116755042
      ],
      "bin_props": [
        0.1,
        0.1,
        0.1,
        0.1,
        0.1,
        0.1,
        0.1,
        0.1,
        0.1,
        0.1
      ]
    },
    "vol_regime": {
      "mean": 0.866909330691987,
      "std": 0.4110207960781919,
      "q05": 0.36498719502987215,
      "q95": 1.6412973390693073,
      "n": 1339160,