{
  "model_key": "futures",
  "timeframe": "4h",
  "saved_at": "2026-05-16T21:47:01.644895+00:00",
  "features": {
    "frac_diff_d40": {
      "mean": 448.8103877008408,
      "std": 1722.0829483886935,
      "q05": 0.0013936698977151233,
      "q95": 3101.312178800614,
      "n": 84672,
      "bin_edges": [
        -1227.4042128202018,
        0.005628817923954642,
        0.015235621477560742,
        0.049702087389400275,
        0.1896543552628694,
        0.6924995100409594,
        1.4133262904575785,
        5.598385341183998,
        30.697277570889327,
        483.404991248179,
        16911.289852507583
      ],
      "bin_props": [
        0.10000944822373393,
        0.09999763794406652,
        0.09999763794406652,
        0.09999763794406652,
        0.09999763794406652,
        0.09999763794406652,
        0.09999763794406652,
        0.09999763794406652,
        0.09999763794406652,
        0.10000944822373393
      ]
    },
    "rsi_14": {
      "mean": 50.98092285554656,
      "std": 12.622826041770518,
      "q05": 30.305761768322643,
      "q95": 72.37230672700531,
      "n": 84672,
      "bin_edges": [
        5.859703867338297,
        34.96436293749902,
        40.51266769058841,
        44.323655883904216,
        47.59176618980602,
        50.75641724366396,
        53.988518903912414,
        57.375148959943964,
        61.41048662135836,
        67.27180450357439,
        98.93992715667558
      ],
      "bin_props": [
        0.10000944822373393,
        0.09999763794406652,
        0.09999763794406652,
        0.09999763794406652,
        0.09999763794406652,
        0.09999763794406652,
        0.09999763794406652,
        0.09999763794406652,
        0.09999763794406652,
        0.10000944822373393
      ]
    },
    "dist_to_support": {
      "mean": 0.07808163192266589,
      "std": 0.07213011561520166,
      "q05": 0.010127254846496188,
      "q95": 0.21332520619588807,
      "n": 84672,
      "bin_edges": [
        0.0,
        0.015548966653171648,
        0.025206449203742307,
        0.03477829691956938,
        0.04520436134333581,
        0.05732984034085213,
        0.07221277253749818,
        0.0915465917815745,
        0.11781552575508303,
        0.16418723432810023,
        0.9999612352998913
      ],
      "bin_props": [
        0.10000944822373393,
        0.09999763794406652,
        0.09999763794406652,
        0.09999763794406652,
        0.09999763794406652,
        0.09998582766439909,
        0.10000944822373393,
        0.09999763794406652,
        0.09999763794406652,
        0.10000944822373393
      ]
    },
    "volume_drop": {
      "mean": 0.2444491685563114,
      "std": 0.4297626715517624,
      "q05": 0.0,
      "q95": 1.0,
      "n": 84672,
      "bin_edges": [
        0.0,
        1.000000001
      ],
      "bin_props": [
        1.0
      ]
    },
    "hour": {
      "mean": 9.915721844293273,
      "std": 6.839750537884895,
      "q05": 0.0,
      "q95": 20.0,
      "n": 84672,
      "bin_edges": [
        0.0,
        4.0,
        8.0,
        12.0,
        16.0,
        20.000000001
      ],
      "bin_props": [
        0.16985544217687074,
        0.16737528344671201,
        0.17081207482993196,
        0.16404478458049887,
        0.3279124149659864
      ]
    },
    "roc_5": {
      "mean": 0.0042729668207638904,
      "std": 0.057048250280078074,
      "q05": -0.05691120409354288,
      "q95": 0.07212585951051811,
      "n": 84672,
      "bin_edges": [
        -0.5882628741111198,
        -0.038749501012447236,
        -0.02145710988053484,
        -0.011703000161485852,
        -0.004577645033162092,
        0.0011837564807457568,
        0.007318305400166481,
        0.015064875583063854,
        0.026393166464917038,
        0.04728796140066651,
        6.697816925840105
      ],
      "bin_props": [
        0.10000944822373393,
        0.09999763794406652,
        0.09999763794406652,
        0.09999763794406652,
        0.09999763794406652,
        0.09999763794406652,
        0.09999763794406652,
        0.09999763794406652,
        0.09999763794406652,
        0.10000944822373393
      ]
    },
    "ofi_z": {
      "mean": 0.007097416227642618,
      "std": 1.0210985053346082,
      "q05": -1.7543676814159406,
      "q95": 1.6970957718173119,
      "n": 84672,
      "bin_edges": [
        -3.0,
        -1.2488372901622384,
        -0.7282250887231311,
        -0.42060008079929667,
        -0.18406772955742529,
        0.02862180330227144,
        0.234234393360315,
        0.46045696291505245,
        0.7415250554379549,
        1.2132247867893604,
        3.000000001
      ],
      "bin_props": [
        0.10000944822373393,
        0.09999763794406652,
        0.09999763794406652,
        0.09999763794406652,
        0.09999763794406652,
        0.09999763794406652,
        0.09999763794406652,
        0.09999763794406652,
        0.09999763794406652,
        0.10000944822373393
      ]
    },
    "funding_z": {
      "mean": 0.0,
      "std": 0.0,
      "q05": 0.0,
      "q95": 0.0,
      "n": 84672,
      "bin_edges": [
        0.0,
        1e-09
      ],
      "bin_props": [
        1.0
      ]
    },
    "funding_positive": {
      "mean": 0.0,
      "std": 0.0,
      "q05": 0.0,
      "q95": 0.0,
      "n": 84672,
      "bin_edges": [
        0.0,
        1e-09
      ],
      "bin_props": [
        1.0
      ]
    },
    "funding_negative": {
      "mean": 0.0,
      "std": 0.0,
      "q05": 0.0,
      "q95": 0.0,
      "n": 84672,
      "bin_edges": [
        0.0,
        1e-09
      ],
      "bin_props": [
        1.0
      ]
    },
    "dist_to_supply": {
      "mean": 3.789438721414121,
      "std": 2.6341535412899852,
      "q05": 0.4449842977365214,
      "q95": 9.147545048837612,
      "n": 84672,
      "bin_edges": [
        0.0,
        0.766078030571881,
        1.3139389783539237,
        1.8922513077998437,
        2.5535914016075014,
        3.275127890894723,
        4.084136996191,
        5.014140052067775,
        6.117265065652153,
        7.704684187954052,
        10.000000001
      ],
      "bin_props": [
        0.10000944822373393,
        0.09999763794406652,
        0.09999763794406652,
        0.09999763794406652,
        0.09999763794406652,
        0.09999763794406652,
        0.09999763794406652,
        0.09999763794406652,
        0.09999763794406652,
        0.10000944822373393
      ]
    },
    "liq_proximity": {
      "mean": 0.3969369880526091,
      "std": 0.1725362370824425,
      "q05": 0.18718623865649506,
      "q95": 0.7519336905615327,
      "n": 84672,
      "bin_edges": [
        0.09090909090909091,
        0.21515151515151534,
        0.2536816215546555,
        0.2858374109046634,
        0.3191575164707009,
        0.35705566740795824,
        0.4012436503552282,
        0.45379822174952694,
        0.526474067527532,
        0.6467714553278202,
        1.000000001
      ],
      "bin_props": [
        0.10000944822373393,
        0.09999763794406652,
        0.09999763794406652,
        0.09999763794406652,
        0.09999763794406652,
        0.09999763794406652,
        0.09999763794406652,
        0.09999763794406652,
        0.09999763794406652,
        0.10000944822373393
      ]
    },
    "signal_rsi": {
      "mean": -0.02236866969009826,
      "std": 0.3420375511968379,
      "q05": -1.0,
      "q95": 0.0,
      "n": 84672,
      "bin_edges": [
        -1.0,
        0.0,
        1.000000001
      ],
      "bin_props": [
        0.06992866591080876,
        0.9300713340891912
      ]
    },
    "trend_strength": {
      "mean": 0.5594866937782639,
      "std": 0.790917724187484,
      "q05": 0.045436310406324024,
      "q95": 1.2348807407899636,
      "n": 84672,