{
  "model_key": "futures",
  "timeframe": "5m",
  "saved_at": "2026-05-14T19:33:29.185178+00:00",
  "features": {
    "frac_diff_d40": {
      "mean": 444.35691089511096,
      "std": 1694.6105537893147,
      "q05": 0.0018366671554332734,
      "q95": 3160.864873320211,
      "n": 6031983,
      "bin_edges": [
        -1370.712599522427,
        0.006260013404422183,
        0.0171056314087521,
        0.05381152786268564,
        0.21956295359726827,
        0.7121760524651339,
        1.3916109356605013,
        4.968222301017962,
        29.51902616900656,
        426.4389597110163,
        14802.742573625419
      ],
      "bin_props": [
        0.10000011604807242,
        0.09999995026511183,
        0.09999995026511183,
        0.09999995026511183,
        0.09999995026511183,
        0.10000011604807242,
        0.09999995026511183,
        0.09999995026511183,
        0.09999995026511183,
        0.10000011604807242
      ]
    },
    "rsi_14": {
      "mean": 50.21841277091492,
      "std": 11.244201048784289,
      "q05": 31.785426659484052,
      "q95": 68.81977876589049,
      "n": 6031983,
      "bin_edges": [
        1.110593455229747,
        36.04212264118097,
        40.99088793800082,
        44.45731554714799,
        47.40989383719052,
        50.183370858497774,
        52.954561104087446,
        55.91107117567711,
        59.40030406198782,
        64.43300408733398,
        99.17908019376462
      ],
      "bin_props": [
        0.10000011604807242,
        0.09999995026511183,
        0.09999995026511183,
        0.09999995026511183,
        0.09999995026511183,
        0.10000011604807242,
        0.09999995026511183,
        0.09999995026511183,
        0.09999995026511183,
        0.10000011604807242
      ]
    },
    "dist_to_support": {
      "mean": 0.010571079117298043,
      "std": 0.012692209248108422,
      "q05": 0.000799964197830754,
      "q95": 0.03160468764418207,
      "n": 6031983,
      "bin_edges": [
        0.0,
        0.0014992503748124286,
        0.0027675276752766936,
        0.004041248606466005,
        0.0054386163191633636,
        0.00703495415491999,
        0.008989660870278124,
        0.011583011583011513,
        0.015465245098389466,
        0.02289543389426144,
        0.9999646765448796
      ],
      "bin_props": [
        0.09999680038886051,
        0.10000310014136313,
        0.10000011604807242,
        0.09999995026511183,
        0.09999995026511183,
        0.10000011604807242,
        0.0999938162955698,
        0.10000608423465385,
        0.09999995026511183,
        0.10000011604807242
      ]
    },
    "volume_drop": {
      "mean": 0.3240145073353158,
      "std": 0.46800549428705224,
      "q05": 0.0,
      "q95": 1.0,
      "n": 6031983,
      "bin_edges": [
        0.0,
        1.000000001
      ],
      "bin_props": [
        1.0
      ]
    },
    "hour": {
      "mean": 11.525417097495135,
      "std": 6.9250988959232895,
      "q05": 1.0,
      "q95": 22.0,
      "n": 6031983,
      "bin_edges": [
        0.0,
        2.0,
        4.0,
        7.0,
        9.0,
        11.0,
        14.0,
        16.0,
        19.0,
        21.0,
        23.000000001
      ],
      "bin_props": [
        0.0829170108735386,
        0.07700684832831922,
        0.12803666721209261,
        0.08672471391248948,
        0.08159323393318582,
        0.13610565547018286,
        0.08271011373871577,
        0.11157110356577596,
        0.08108991686481876,
        0.13224473610088092
      ]
    },
    "roc_5": {
      "mean": -1.6517575514285697e-05,
      "std": 0.007253832743871275,
      "q05": -0.009349766255843717,
      "q95": 0.009254749147588948,
      "n": 6031983,
      "bin_edges": [
        -0.5783788109146195,
        -0.006089309878213767,
        -0.0033322536316934266,
        -0.0018658797223779261,
        -0.0008444162972346403,
        0.0,
        0.0008216926869351049,
        0.0018262755393219088,
        0.0032621277491318157,
        0.005980624336442062,
        0.610952940206163
      ],
      "bin_props": [
        0.09999961869919063,
        0.10000044761399361,
        0.09999995026511183,
        0.09999945291623004,
        0.08844985140044327,
        0.11154822551721383,
        0.10000227122656015,
        0.09999995026511183,
        0.10000011604807242,
        0.10000011604807242
      ]
    },
    "ofi_z": {
      "mean": -0.0056317124724070515,
      "std": 0.9983431623884468,
      "q05": -1.7462213407733949,
      "q95": 1.6666347054974733,
      "n": 6031983,
      "bin_edges": [
        -3.0,
        -1.1679853196698327,
        -0.6471423896838778,
        -0.3665502290098942,
        -0.1650086206903722,
        0.011729991077147275,
        0.18476789011261582,
        0.3755159683395859,
        0.6373246560253303,
        1.1225350058370382,
        3.000000001
      ],
      "bin_props": [
        0.10000011604807242,
        0.09999995026511183,
        0.09999995026511183,
        0.09999995026511183,
        0.09999995026511183,
        0.10000011604807242,
        0.09999995026511183,
        0.09999995026511183,
        0.09999995026511183,
        0.10000011604807242
      ]
    },
    "funding_z": {
      "mean": 0.0,
      "std": 0.0,
      "q05": 0.0,
      "q95": 0.0,
      "n": 6031983,
      "bin_edges": [
        0.0,
        1e-09
      ],
      "bin_props": [
        1.0
      ]
    },
    "funding_positive": {
      "mean": 0.0,
      "std": 0.0,
      "q05": 0.0,
      "q95": 0.0,
      "n": 6031983,
      "bin_edges": [
        0.0,
        1e-09
      ],
      "bin_props": [
        1.0
      ]
    },
    "funding_negative": {
      "mean": 0.0,
      "std": 0.0,
      "q05": 0.0,
      "q95": 0.0,
      "n": 6031983,
      "bin_edges": [
        0.0,
        1e-09
      ],
      "bin_props": [
        1.0
      ]
    },
    "dist_to_supply": {
      "mean": 3.694241754175778,
      "std": 2.4987683349925267,
      "q05": 0.3750000000000324,
      "q95": 8.710097719869774,
      "n": 6031983,
      "bin_edges": [
        0.0,
        0.7417218543046332,
        1.3959138999962013,
        2.0062305295950114,
        2.632583469824733,
        3.286173633440503,
        3.991489361702128,
        4.789473684210479,
        5.7800829875518405,
        7.285976452765219,
        10.000000001
      ],
      "bin_props": [
        0.10000011604807242,
        0.09999995026511183,
        0.09999978448215123,
        0.10000011604807242,
        0.09999978448215123,
        0.10000028183103302,
        0.09999779508662408,
        0.10000210544359955,
        0.09999995026511183,
        0.10000011604807242
      ]
    },
    "liq_proximity": {
      "mean": 0.40950952366970605,
      "std": 0.19455869110980045,
      "q05": 0.1820224719101138,
      "q95": 0.8282208588957103,
      "n": 6031983,
      "bin_edges": [
        0.09090909090909091,
        0.21204188481675587,
        0.2522255192878344,
        0.285714285714286,
        0.31944444444444564,
        0.3573770491803269,
        0.4034297073251434,
        0.4636015325670472,
        0.5517238970300953,
        0.6992840095465334,
        1.000000001
      ],
      "bin_props": [
        0.10000011604807242,
        0.09999796086958468,
        0.09999928713326944,
        0.09999895556734825,
        0.10000276857544194,
        0.1000009449628754,
        0.09999878978438766,
        0.100001110745836,
        0.09999995026511183,
        0.10000011604807242
      ]
    },
    "signal_rsi": {
      "mean": -0.004466192958435062,
      "std": 0.27838675192088536,
      "q05": 0.0,
      "q95": 0.0,
      "n": 6031983,
      "bin_edges": [
        -1.0,
        0.0,
        1.000000001
      ],
      "bin_props": [
        0.04099265531749675,
        0.9590073446825033
      ]
    },
    "trend_strength": {
      "mean": 15218.822086772505,
      "std": 13689775.078173809,
      "q05": 0.04261742640429141,
      "q95": 1.238294279829396,