{
  "model_key": "meta",
  "timeframe": "15m",
  "saved_at": "2026-05-17T08:48:31.638569+00:00",
  "features": {
    "prob_base": {
      "mean": 0.27930378152771307,
      "std": 0.05707696072825777,
      "q05": 0.20432977461447213,
      "q95": 0.38687150837988826,
      "n": 2900695,
      "bin_edges": [
        0.0,
        0.21861057998725303,
        0.240016849199663,
        0.2435857805255023,
        0.2578174856413531,
        0.2741823242867084,
        0.283579335793358,
        0.2970231323473644,
        0.3099885189437428,
        0.35817060637204523,
        0.6666666676666666
      ],
      "bin_props": [
        0.09269881873137299,
        0.055754569163597,
        0.14495526072199938,
        0.04604620616783219,
        0.15385829947650476,
        0.09975023227192104,
        0.07399226737040605,
        0.13229691504966914,
        0.07963195027398606,
        0.12101548077271136
      ]
    },
    "prob_trend": {
      "mean": 0.3419522560725035,
      "std": 0.006525116400065728,
      "q05": 0.332082062959671,
      "q95": 0.35351499915122986,
      "n": 2900695,
      "bin_edges": [
        0.332082062959671,
        0.34515073895454407,
        0.3535150001512299
      ],
      "bin_props": [
        0.28404261737273306,
        0.7159573826272669
      ]
    },
    "regime": {
      "mean": 0.5888581874343908,
      "std": 0.7509885675659126,
      "q05": 0.0,
      "q95": 2.0,
      "n": 2900695,
      "bin_edges": [
        0.0,
        1.0,
        2.000000001
      ],
      "bin_props": [
        0.5720815183947295,
        0.42791848160527046
      ]
    },
    "primary_signal": {
      "mean": -0.9948026248881734,
      "std": 0.10182210511390351,
      "q05": -1.0,
      "q95": -1.0,
      "n": 2900695,
      "bin_edges": [
        -1.0,
        1.000000001
      ],
      "bin_props": [
        1.0
      ]
    },
    "frac_diff_d40": {
      "mean": 428.9802815675163,
      "std": 1646.859854962662,
      "q05": 0.0016993868869565646,
      "q95": 3010.8182414632115,
      "n": 2900695,
      "bin_edges": [
        -920.2162940268972,
        0.005980233502468958,
        0.016304877607725206,
        0.05235437247095769,
        0.21288587767043032,
        0.7194204968240543,
        1.4236672504252252,
        5.958142434627972,
        30.57494181687847,
        436.80329077648776,
        14678.340743107514
      ],
      "bin_props": [
        0.10000017237248314,
        0.09999982762751686,
        0.10000017237248314,
        0.09999982762751686,
        0.09999982762751686,
        0.10000017237248314,
        0.09999982762751686,
        0.10000017237248314,
        0.09999982762751686,
        0.10000017237248314
      ]
    },
    "volatility_7": {
      "mean": 0.004132039799187557,
      "std": 0.004046722981882566,
      "q05": 0.0009810450886101022,
      "q95": 0.010335623307483575,
      "n": 2900695,
      "bin_edges": [
        0.0,
        0.0012830945927662291,
        0.0017572954228133127,
        0.002188873351981858,
        0.002634168386979675,
        0.0031323975566961734,
        0.0037280159236715922,
        0.004505856626414517,
        0.00564900527514111,
        0.00780444433712618,
        0.3323009944197506
      ],
      "bin_props": [
        0.10000017237248314,
        0.09999982762751686,
        0.10000017237248314,
        0.09999982762751686,
        0.09999982762751686,
        0.10000017237248314,
        0.09999982762751686,
        0.10000017237248314,
        0.09999982762751686,
        0.10000017237248314
      ]
    },
    "atr_pct": {
      "mean": 0.006673980701978641,
      "std": 0.007904362232847349,
      "q05": 0.0014598540145984572,
      "q95": 0.017201339947720565,
      "n": 2900695,
      "bin_edges": [
        0.0,
        0.0019406323325040077,
        0.002692622118592259,
        0.003386100411582373,
        0.004097630500623496,
        0.004908951149044446,
        0.005888650963597525,
        0.00717060053779507,
        0.009086195684454275,
        0.012788410398296741,
        1.805903867248694
      ],
      "bin_props": [
        0.10000017237248314,
        0.09999982762751686,
        0.10000017237248314,
        0.09999913813758426,
        0.10000051711744944,
        0.09999982762751686,
        0.09999982762751686,
        0.10000051711744944,
        0.09999982762751686,
        0.10000017237248314
      ]
    },
    "rsi_14": {
      "mean": 49.89619555400913,
      "std": 10.946127584483062,
      "q05": 31.80932776574287,
      "q95": 67.9719381674166,
      "n": 2900695,
      "bin_edges": [
        2.0987233871093167,
        36.087681677602916,
        40.98116896114416,
        44.35727386853775,
        47.21741663448003,
        49.90847642412935,
        52.581409023788126,
        55.45085272506037,
        58.83554596126262,
        63.72920719212812,
        98.43257155624131
      ],
      "bin_props": [
        0.10000017237248314,
        0.09999982762751686,
        0.10000017237248314,
        0.09999982762751686,
        0.09999982762751686,
        0.10000017237248314,
        0.09999982762751686,
        0.10000017237248314,
        0.09999982762751686,
        0.10000017237248314
      ]
    },
    "macd_hist": {
      "mean": -0.04795404350243535,
      "std": 14.745151288487685,
      "q05": -2.476916824170441,
      "q95": 2.286527446427999,
      "n": 2900695,
      "bin_edges": [
        -665.3250281298651,
        -0.20884420210957683,
        -0.01218949453957087,
        -0.0013302060410700777,
        -9.501665127661682e-05,
        -1.6165203701091179e-09,
        8.707253493512148e-05,
        0.0012179580964654772,
        0.011666072942929775,
        0.19735013266506096,
        825.912094644648
      ],
      "bin_props": [
        0.10000017237248314,
        0.09999982762751686,
        0.10000017237248314,
        0.09999982762751686,
        0.09999982762751686,
        0.10000017237248314,
        0.09999982762751686,
        0.10000017237248314,
        0.09999982762751686,
        0.10000017237248314
      ]
    },
    "bb_pb": {
      "mean": 0.49627229480150653,
      "std": 0.3181117846014806,
      "q05": -0.014775302211921403,
      "q95": 0.9966750614713848,
      "n": 2900695,
      "bin_edges": [
        -0.5613164141376759,
        0.0813550976593975,
        0.20243293712016233,
        0.29973690763574856,
        0.3962590533395213,
        0.4989446023381033,
        0.6014499149070182,
        0.6967301331836351,
        0.7917451194151099,
        0.9070925909388907,
        1.5605682480532588
      ],
      "bin_props": [
        0.10000017237248314,
        0.09999982762751686,
        0.10000017237248314,
        0.09999982762751686,
        0.09999982762751686,
        0.10000017237248314,
        0.09999982762751686,
        0.10000017237248314,
        0.09999982762751686,
        0.10000017237248314
      ]
    },
    "kc_width": {
      "mean": 0.026830645996904354,
      "std": 0.02360138349018569,
      "q05": 0.007629890950663095,
      "q95": 0.062122598251461617,
      "n": 2900695,
      "bin_edges": [
        0.00040747203980450787,
        0.009800581597161311,
        0.012987000062514947,
        0.015750796565755475,
        0.018500514365978646,
        0.021487121990967046,
        0.024998090725391435,
        0.02951241618192231,
        0.03603587131255377,
        0.048114328646077335,
        1.8627313468276865
      ],
      "bin_props": [
        0.10000017237248314,
        0.09999982762751686,
        0.10000017237248314,
        0.09999982762751686,
        0.09999982762751686,
        0.10000017237248314,
        0.09999982762751686,
        0.10000017237248314,
        0.09999982762751686,
        0.10000017237248314
      ]
    },
    "don_pos_20": {
      "mean": 0.5119820792832422,
      "std": 0.2725304174505727,
      "q05": 0.0787269681742017,
      "q95": 0.9398851220286261,
      "n": 2900695,