{
  "model_key": "meta",
  "timeframe": "5m",
  "saved_at": "2026-05-17T08:48:25.274976+00:00",
  "features": {
    "prob_base": {
      "mean": 0.28035564610586416,
      "std": 0.05649260846140912,
      "q05": 0.21200910643141718,
      "q95": 0.38687150837988826,
      "n": 8713776,
      "bin_edges": [
        0.0,
        0.21861057998725303,
        0.240016849199663,
        0.2435857805255023,
        0.2578174856413531,
        0.27658006264971446,
        0.283579335793358,
        0.2970231323473644,
        0.3099885189437428,
        0.35817060637204523,
        0.6666666676666666
      ],
      "bin_props": [
        0.08921677582715003,
        0.05573198117555466,
        0.13300846842975997,
        0.04276515714886405,
        0.17740265528973892,
        0.08914229606085812,
        0.07864707561911162,
        0.13307411161361044,
        0.0770786396161664,
        0.1239328392191858
      ]
    },
    "prob_trend": {
      "mean": 0.34200018944098465,
      "std": 0.00653248483340941,
      "q05": 0.332082062959671,
      "q95": 0.35351499915122986,
      "n": 8713776,
      "bin_edges": [
        0.332082062959671,
        0.34515073895454407,
        0.3535150001512299
      ],
      "bin_props": [
        0.28186827386887153,
        0.7181317261311284
      ]
    },
    "regime": {
      "mean": 0.4414286068404788,
      "std": 0.6394419302759955,
      "q05": 0.0,
      "q95": 2.0,
      "n": 8713776,
      "bin_edges": [
        0.0,
        1.0,
        2.000000001
      ],
      "bin_props": [
        0.6397296648433469,
        0.3602703351566531
      ]
    },
    "primary_signal": {
      "mean": -0.9954428481980716,
      "std": 0.09536003887841363,
      "q05": -1.0,
      "q95": -1.0,
      "n": 8713776,
      "bin_edges": [
        -1.0,
        1.000000001
      ],
      "bin_props": [
        1.0
      ]
    },
    "frac_diff_d40": {
      "mean": 427.20560168732277,
      "std": 1641.961151227126,
      "q05": 0.0017152111816609054,
      "q95": 2994.496300609374,
      "n": 8713776,
      "bin_edges": [
        -1370.712599522427,
        0.006032373042319943,
        0.016392398871565267,
        0.05259021810327679,
        0.21470180224249114,
        0.7228734714493643,
        1.4274490499055297,
        5.964114649529876,
        30.696990963538894,
        432.92958328001305,
        14643.456256976202
      ],
      "bin_props": [
        0.10000004590432438,
        0.09999993114351344,
        0.10000004590432438,
        0.09999993114351344,
        0.10000004590432438,
        0.09999993114351344,
        0.10000004590432438,
        0.09999993114351344,
        0.10000004590432438,
        0.10000004590432438
      ]
    },
    "volatility_7": {
      "mean": 0.002386661910016441,
      "std": 0.0024600559441450625,
      "q05": 0.000554241802639846,
      "q95": 0.0060115787989382325,
      "n": 8713776,
      "bin_edges": [
        0.0,
        0.0007275030095005171,
        0.0010005048371672708,
        0.001250988410029188,
        0.0015095831136017063,
        0.0017973629134596832,
        0.0021419502475139513,
        0.0025882472227655162,
        0.0032489868780326866,
        0.004515487598238593,
        0.3323009944197506
      ],
      "bin_props": [
        0.10000004590432438,
        0.09999993114351344,
        0.10000004590432438,
        0.09999993114351344,
        0.10000004590432438,
        0.10000004590432438,
        0.09999993114351344,
        0.09999993114351344,
        0.10000004590432438,
        0.10000004590432438
      ]
    },
    "atr_pct": {
      "mean": 0.0037034688797677883,
      "std": 0.004631604657293117,
      "q05": 0.0006970260223048591,
      "q95": 0.009775614322173443,
      "n": 8713776,
      "bin_edges": [
        0.0,
        0.000977367948523958,
        0.0014147130153597538,
        0.0018130406885714621,
        0.002222222222222175,
        0.0026920687512944274,
        0.0032573289902279494,
        0.003988139325750605,
        0.005085535216935365,
        0.007216249722364718,
        1.805903867248694
      ],
      "bin_props": [
        0.10000004590432438,
        0.09999981638270251,
        0.1000001606651353,
        0.0999754870907859,
        0.10002437519624098,
        0.10000004590432438,
        0.10000004590432438,
        0.09999993114351344,
        0.10000004590432438,
        0.10000004590432438
      ]
    },
    "rsi_14": {
      "mean": 49.93277227739319,
      "std": 10.879179988094004,
      "q05": 31.98650253900706,
      "q95": 67.76802837679239,
      "n": 8713776,
      "bin_edges": [
        1.110593455229747,
        36.172487481022884,
        41.01273623767967,
        44.38826451693288,
        47.25882391957879,
        49.95850661230716,
        52.659959492767754,
        55.52836476669203,
        58.8816676327429,
        63.66433447048773,
        98.81339216474773
      ],
      "bin_props": [
        0.10000004590432438,
        0.09999993114351344,
        0.10000004590432438,
        0.09999993114351344,
        0.10000004590432438,
        0.09999993114351344,
        0.10000004590432438,
        0.09999993114351344,
        0.10000004590432438,
        0.10000004590432438
      ]
    },
    "macd_hist": {
      "mean": -0.03264274256345729,
      "std": 8.603806191988365,
      "q05": -1.402694832216452,
      "q95": 1.2627688423785552,
      "n": 8713776,
      "bin_edges": [
        -1020.6376666171143,
        -0.12027487145780025,
        -0.007031738853850125,
        -0.000771442810618745,
        -5.5872060326086164e-05,
        -1.4468120471897464e-09,
        4.867322842109084e-05,
        0.0006915459206294321,
        0.006572023843467351,
        0.11059529978077787,
        632.062554767538
      ],
      "bin_props": [
        0.10000004590432438,
        0.09999993114351344,
        0.10000004590432438,
        0.09999993114351344,
        0.10000004590432438,
        0.10000004590432438,
        0.09999993114351344,
        0.09999993114351344,
        0.10000004590432438,
        0.10000004590432438
      ]
    },
    "bb_pb": {
      "mean": 0.49677641112361215,
      "std": 0.3174530672011842,
      "q05": -0.009898515279450102,
      "q95": 0.9935459591180592,
      "n": 8713776,
      "bin_edges": [
        -0.562132291232955,
        0.07970219208531279,
        0.19795075037379112,
        0.2967013057317659,
        0.39540168400807313,
        0.5,
        0.6034134727047187,
        0.7008415211159515,
        0.7965461316644512,
        0.9091288729895133,
        1.5621322903103356
      ],
      "bin_props": [
        0.10000004590432438,
        0.09999993114351344,
        0.10000004590432438,
        0.09999993114351344,
        0.09996802763807562,
        0.10003194940976219,
        0.10000004590432438,
        0.09999993114351344,
        0.10000004590432438,
        0.10000004590432438
      ]
    },
    "kc_width": {
      "mean": 0.014925487779285707,
      "std": 0.01407582970058623,
      "q05": 0.003947007767580478,
      "q95": 0.035541631153684916,
      "n": 8713776,
      "bin_edges": [
        0.0,
        0.005128191220437303,
        0.00691526886998357,
        0.008475947305867572,
        0.010043414911594365,
        0.011749636122464546,
        0.013757460867582404,
        0.016347749470246024,
        0.020122402419185097,
        0.02723733328565267,
        1.8635039091958634
      ],
      "bin_props": [
        0.10000004590432438,
        0.09999993114351344,
        0.10000004590432438,
        0.09999993114351344,
        0.10000004590432438,
        0.10000004590432438,
        0.09999993114351344,
        0.09999993114351344,
        0.10000004590432438,
        0.10000004590432438
      ]
    },
    "don_pos_20": {
      "mean": 0.5100225620124992,
      "std": 0.2846871766289554,
      "q05": 0.06007067137809224,
      "q95": 0.9540727902946268,
      "n": 8713776,