{
  "model_key": "meta",
  "timeframe": "1d",
  "saved_at": "2026-05-14T21:12:52.182587+00:00",
  "features": {
    "prob_base": {
      "mean": 0.517222264036207,
      "std": 0.07011857718624556,
      "q05": 0.4583068788051605,
      "q95": 0.6633663177490234,
      "n": 20366,
      "bin_edges": [
        0.0,
        0.4583068788051605,
        0.46715328097343445,
        0.4758833050727844,
        0.4761400520801544,
        0.5227272510528564,
        0.5313554406166077,
        0.5537366271018982,
        0.5797101259231567,
        1.000000001
      ],
      "bin_props": [
        0.0008347245409015025,
        0.18123342826279093,
        0.04571344397525287,
        0.12113326131788274,
        0.20838652656388099,
        0.05101639988215653,
        0.16046351762741826,
        0.11936560934891485,
        0.11185308848080133
      ]
    },
    "prob_trend": {
      "mean": 0.34132398676804354,
      "std": 0.00673699590191093,
      "q05": 0.3324981927871704,
      "q95": 0.3524368703365326,
      "n": 20366,
      "bin_edges": [
        0.3324981927871704,
        0.344820499420166,
        0.3524368713365326
      ],
      "bin_props": [
        0.34287538053618777,
        0.6571246194638123
      ]
    },
    "regime": {
      "mean": 0.9397034272807621,
      "std": 0.9972206849344449,
      "q05": 0.0,
      "q95": 2.0,
      "n": 20366,
      "bin_edges": [
        0.0,
        2.000000001
      ],
      "bin_props": [
        1.0
      ]
    },
    "primary_signal": {
      "mean": -0.01669449081803005,
      "std": 0.9998851854815327,
      "q05": -1.0,
      "q95": 1.0,
      "n": 20366,
      "bin_edges": [
        -1.0,
        1.000000001
      ],
      "bin_props": [
        1.0
      ]
    },
    "frac_diff_d40": {
      "mean": 457.5869727196381,
      "std": 1834.2905916273621,
      "q05": -0.03113971661284125,
      "q95": 2933.3600942279063,
      "n": 20366,
      "bin_edges": [
        -5149.376936360612,
        0.0002101246787470474,
        0.006853958493207475,
        0.02367144943313318,
        0.07946920945230818,
        0.456443097679897,
        1.1821448832312578,
        4.652706543648888,
        29.137560204506002,
        462.9502680396113,
        21143.31273225651
      ],
      "bin_props": [
        0.10001964057743298,
        0.09997053913385054,
        0.10001964057743298,
        0.09997053913385054,
        0.10001964057743298,
        0.10001964057743298,
        0.09997053913385054,
        0.09997053913385054,
        0.10001964057743298,
        0.10001964057743298
      ]
    },
    "volatility_7": {
      "mean": 0.042901372614106224,
      "std": 0.03707299770756753,
      "q05": 0.012858898650514601,
      "q95": 0.09337687071265038,
      "n": 20366,
      "bin_edges": [
        0.0029755582908598003,
        0.016047978063377717,
        0.0213607668830681,
        0.026024943592053526,
        0.030794467949160027,
        0.035374282087267936,
        0.04102239234062608,
        0.04788748768271478,
        0.05767199061836383,
        0.07429160876544046,
        1.506545581653228
      ],
      "bin_props": [
        0.10001964057743298,
        0.09997053913385054,
        0.10001964057743298,
        0.09997053913385054,
        0.10001964057743298,
        0.10001964057743298,
        0.09997053913385054,
        0.09997053913385054,
        0.10001964057743298,
        0.10001964057743298
      ]
    },
    "atr_pct": {
      "mean": 0.07242864124633397,
      "std": 0.06931007336116436,
      "q05": 0.019343950742355363,
      "q95": 0.17247828004544652,
      "n": 20366,
      "bin_edges": [
        0.003271537622682591,
        0.02479338842975211,
        0.032767136489579594,
        0.03992240664776464,
        0.04731599335915874,
        0.055451976155553626,
        0.0653319780312046,
        0.07803487746127005,
        0.0968866798238598,
        0.13202193227167552,
        1.9325673583829712
      ],
      "bin_props": [
        0.10001964057743298,
        0.09997053913385054,
        0.10001964057743298,
        0.09997053913385054,
        0.10001964057743298,
        0.09997053913385054,
        0.10001964057743298,
        0.09997053913385054,
        0.10001964057743298,
        0.10001964057743298
      ]
    },
    "rsi_14": {
      "mean": 49.45565523087307,
      "std": 12.615145433381542,
      "q05": 30.167112470295486,
      "q95": 72.38790067661684,
      "n": 20366,
      "bin_edges": [
        12.092762631161577,
        34.40134082081087,
        39.03765240094019,
        42.34740850211108,
        45.34142101715208,
        48.44751794612869,
        51.73256571233333,
        55.09226991817481,
        59.319691766421556,
        66.17943623939556,
        97.97067745048302
      ],
      "bin_props": [
        0.10001964057743298,
        0.09997053913385054,
        0.10001964057743298,
        0.09997053913385054,
        0.10001964057743298,
        0.09997053913385054,
        0.10001964057743298,
        0.09997053913385054,
        0.10001964057743298,
        0.10001964057743298
      ]
    },
    "macd_hist": {
      "mean": -0.30239201487725903,
      "std": 136.73744148214445,
      "q05": -34.194920589429444,
      "q95": 34.47344149714003,
      "n": 20366,
      "bin_edges": [
        -1726.9251542805482,
        -2.6795965808340734,
        -0.14495948284948368,
        -0.009937437807029407,
        -0.0006686890310461534,
        4.188451335694245e-05,
        0.0016643047586765549,
        0.02238307098153975,
        0.17197921620161472,
        2.9884191927430575,
        1676.393554863189
      ],
      "bin_props": [
        0.10001964057743298,
        0.09997053913385054,
        0.10001964057743298,
        0.09997053913385054,
        0.10001964057743298,
        0.10001964057743298,
        0.09997053913385054,
        0.09997053913385054,
        0.10001964057743298,
        0.10001964057743298
      ]
    },
    "bb_pb": {
      "mean": 0.49215398506932645,
      "std": 0.32347163347157515,
      "q05": 0.0051150767417652565,
      "q95": 1.0360851467088203,
      "n": 20366,
      "bin_edges": [
        -0.48908107414449226,
        0.09619596034504399,
        0.20778434732073756,
        0.28752075045525693,
        0.3652097744474709,
        0.46024300914390015,
        0.5759227830369152,
        0.6824033368322822,
        0.7942979498383003,
        0.9317871165363006,
        1.5560393010365463
      ],
      "bin_props": [
        0.10001964057743298,
        0.09997053913385054,
        0.10001964057743298,
        0.09997053913385054,
        0.10001964057743298,
        0.10001964057743298,
        0.09997053913385054,
        0.09997053913385054,
        0.10001964057743298,
        0.10001964057743298
      ]
    },
    "kc_width": {
      "mean": 0.2888268534552148,
      "std": 0.18155906807617195,
      "q05": 0.11200526020978654,
      "q95": 0.5904576741679533,
      "n": 20366,
      "bin_edges": [
        0.044230421723621426,
        0.13441494712481128,
        0.16744767314224152,
        0.1944783606015017,
        0.22097679100432785,
        0.24663934601918291,
        0.27767321388656974,
        0.3161207879311322,
        0.3741818917802638,
        0.47405323376167496,
        3.207570451119824
      ],
      "bin_props": [
        0.10001964057743298,
        0.09997053913385054,
        0.10001964057743298,
        0.09997053913385054,
        0.10001964057743298,
        0.10001964057743298,
        0.09997053913385054,
        0.09997053913385054,
        0.10001964057743298,
        0.10001964057743298
      ]
    },
    "don_pos_20": {
      "mean": 0.48110709410815816,
      "std": 0.2681554759009555,
      "q05": 0.08253970938889119,
      "q95": 0.9284083617825983,
      "n": 20366,