{
  "model_key": "meta",
  "timeframe": "4h",
  "saved_at": "2026-05-17T08:35:26.195872+00:00",
  "features": {
    "prob_base": {
      "mean": 0.259356827147945,
      "std": 0.05250626178115836,
      "q05": 0.19613821138211382,
      "q95": 0.3687499999999999,
      "n": 181969,
      "bin_edges": [
        0.0,
        0.20432977461447213,
        0.2236842105263158,
        0.240016849199663,
        0.2435857805255023,
        0.2578174856413531,
        0.27658006264971446,
        0.283579335793358,
        0.3099885189437428,
        0.6666666676666666
      ],
      "bin_props": [
        0.05087130225477966,
        0.14798124955349537,
        0.05476757030043579,
        0.20785408503646224,
        0.05567431815309201,
        0.17663997713896323,
        0.06635745648984168,
        0.1328413081349021,
        0.1070127329380279
      ]
    },
    "prob_trend": {
      "mean": 0.34161505674692716,
      "std": 0.006852549534035361,
      "q05": 0.332082062959671,
      "q95": 0.35351499915122986,
      "n": 181969,
      "bin_edges": [
        0.332082062959671,
        0.34515073895454407,
        0.3535150001512299
      ],
      "bin_props": [
        0.3178563381674901,
        0.68214366183251
      ]
    },
    "regime": {
      "mean": 1.6829240145299473,
      "std": 0.6703276574722099,
      "q05": 0.0,
      "q95": 2.0,
      "n": 181969,
      "bin_edges": [
        0.0,
        1.0,
        2.000000001
      ],
      "bin_props": [
        0.1163989470734026,
        0.8836010529265974
      ]
    },
    "primary_signal": {
      "mean": -0.9967137259643126,
      "std": 0.08100484265919174,
      "q05": -1.0,
      "q95": -1.0,
      "n": 181969,
      "bin_edges": [
        -1.0,
        1.000000001
      ],
      "bin_props": [
        1.0
      ]
    },
    "frac_diff_d40": {
      "mean": 437.1619749780714,
      "std": 1683.9503735112467,
      "q05": 0.0005662354809766525,
      "q95": 3012.5454261938285,
      "n": 181969,
      "bin_edges": [
        -1227.4042128202018,
        0.005163634374080561,
        0.014316289742702019,
        0.048343899981630585,
        0.1928590885412754,
        0.6860917384337242,
        1.4061043733261613,
        5.704119226872642,
        30.224492093738757,
        471.2974330918584,
        16055.039242395138
      ],
      "bin_props": [
        0.10000054954415312,
        0.10000054954415312,
        0.10000054954415312,
        0.10000054954415312,
        0.09999505410262187,
        0.10000054954415312,
        0.10000054954415312,
        0.10000054954415312,
        0.10000054954415312,
        0.10000054954415312
      ]
    },
    "volatility_7": {
      "mean": 0.01654775221396375,
      "std": 0.01382382178521321,
      "q05": 0.004204355714084161,
      "q95": 0.03927555069436991,
      "n": 181969,
      "bin_edges": [
        0.00048612337146283833,
        0.005501396015342352,
        0.0075091723273268745,
        0.009360174661007446,
        0.01121535685066402,
        0.013198005462358891,
        0.015583353002359432,
        0.018570877559778636,
        0.022763830561058237,
        0.0303938814524387,
        0.568203709587858
      ],
      "bin_props": [
        0.10000054954415312,
        0.10000054954415312,
        0.10000054954415312,
        0.10000054954415312,
        0.09999505410262187,
        0.10000054954415312,
        0.10000054954415312,
        0.10000054954415312,
        0.10000054954415312,
        0.10000054954415312
      ]
    },
    "atr_pct": {
      "mean": 0.028361064078624508,
      "std": 0.029416706128301797,
      "q05": 0.006977738990141317,
      "q95": 0.06993209916292797,
      "n": 181969,
      "bin_edges": [
        0.0,
        0.009009752619678612,
        0.012173913043478337,
        0.01509186351706029,
        0.018067274937419206,
        0.02146902206068803,
        0.025494590338083947,
        0.030705679650035476,
        0.03837478391388636,
        0.0529181217094921,
        1.805903867248694
      ],
      "bin_props": [
        0.10000054954415312,
        0.10000054954415312,
        0.10000054954415312,
        0.10000054954415312,
        0.09999505410262187,
        0.10000054954415312,
        0.10000054954415312,
        0.10000054954415312,
        0.10000054954415312,
        0.10000054954415312
      ]
    },
    "rsi_14": {
      "mean": 49.886248117997184,
      "std": 12.042495170093398,
      "q05": 30.158547331464582,
      "q95": 70.00729975666142,
      "n": 181969,
      "bin_edges": [
        5.369059173784038,
        34.721913874258576,
        39.943451214560696,
        43.57819853166345,
        46.662536205711724,
        49.635929993901726,
        52.76195839557152,
        56.052155600114446,
        59.95407767706809,
        65.50815107309285,
        98.93992715667558
      ],
      "bin_props": [
        0.10000054954415312,
        0.10000054954415312,
        0.10000054954415312,
        0.10000054954415312,
        0.09999505410262187,
        0.10000054954415312,
        0.10000054954415312,
        0.10000054954415312,
        0.10000054954415312,
        0.10000054954415312
      ]
    },
    "macd_hist": {
      "mean": -0.08511347857505729,
      "std": 56.65171682800238,
      "q05": -11.630458472895214,
      "q95": 11.678416099477358,
      "n": 181969,
      "bin_edges": [
        -1293.9154749497525,
        -0.9076674322547154,
        -0.052814263748696036,
        -0.005195203071619173,
        -0.0003403507161704146,
        6.39823030901199e-08,
        0.00046060768759622256,
        0.006463974835155731,
        0.05589909821432208,
        0.9218555562856029,
        1330.6085133305246
      ],
      "bin_props": [
        0.10000054954415312,
        0.10000054954415312,
        0.10000054954415312,
        0.10000054954415312,
        0.09999505410262187,
        0.10000054954415312,
        0.10000054954415312,
        0.10000054954415312,
        0.10000054954415312,
        0.10000054954415312
      ]
    },
    "bb_pb": {
      "mean": 0.4985303124197958,
      "std": 0.32343228473840085,
      "q05": -0.01612404335944975,
      "q95": 1.0160781695040262,
      "n": 181969,
      "bin_edges": [
        -0.5525163338534758,
        0.08078590882305194,
        0.20219867401789657,
        0.29650000459260256,
        0.3904533847478024,
        0.49576610787317804,
        0.6026819827057358,
        0.7006649712908666,
        0.7980437556640939,
        0.9213314345096993,
        1.556961826931111
      ],
      "bin_props": [
        0.10000054954415312,
        0.10000054954415312,
        0.10000054954415312,
        0.10000054954415312,
        0.09999505410262187,
        0.10000054954415312,
        0.10000054954415312,
        0.10000054954415312,
        0.10000054954415312,
        0.10000054954415312
      ]
    },
    "kc_width": {
      "mean": 0.1136957263766371,
      "std": 0.08425313549863424,
      "q05": 0.0384904793686776,
      "q95": 0.24556408944897165,
      "n": 181969,
      "bin_edges": [
        0.006812909028886711,
        0.04797145497100163,
        0.06133096876393333,
        0.07265482546508362,
        0.0836193579585374,
        0.09519345241124735,
        0.10848381499178407,
        0.12517144725808999,
        0.14941153075438293,
        0.19309520218426213,
        3.1168066329379505
      ],
      "bin_props": [
        0.10000054954415312,
        0.10000054954415312,
        0.10000054954415312,
        0.10000054954415312,
        0.09999505410262187,
        0.10000054954415312,
        0.10000054954415312,
        0.10000054954415312,
        0.10000054954415312,
        0.10000054954415312
      ]
    },
    "don_pos_20": {
      "mean": 0.5083411531211253,
      "std": 0.26861288341356143,
      "q05": 0.09119766782735418,
      "q95": 0.9267593219166159,
      "n": 181969,