{
  "model_key": "meta",
  "timeframe": "1h",
  "saved_at": "2026-05-17T08:34:17.311708+00:00",
  "features": {
    "prob_base": {
      "mean": 0.2718636009561522,
      "std": 0.056169151317018294,
      "q05": 0.20432977461447213,
      "q95": 0.38687150837988826,
      "n": 801364,
      "bin_edges": [
        0.0,
        0.21200910643141718,
        0.240016849199663,
        0.25153374233128833,
        0.2578174856413531,
        0.27658006264971446,
        0.283579335793358,
        0.2970231323473644,
        0.34946236559139787,
        0.6666666676666666
      ],
      "bin_props": [
        0.07770501295291528,
        0.10557125101701599,
        0.21406626701473988,
        0.00690322999286217,
        0.1739122296484494,
        0.07340983622922917,
        0.06488936363500232,
        0.18180127881961256,
        0.10174153069017325
      ]
    },
    "prob_trend": {
      "mean": 0.34173863639365204,
      "std": 0.006712598379621009,
      "q05": 0.332082062959671,
      "q95": 0.35351499915122986,
      "n": 801364,
      "bin_edges": [
        0.332082062959671,
        0.34515073895454407,
        0.3535150001512299
      ],
      "bin_props": [
        0.3043236282138953,
        0.6956763717861046
      ]
    },
    "regime": {
      "mean": 1.0847904323129065,
      "std": 0.8811656728050558,
      "q05": 0.0,
      "q95": 2.0,
      "n": 801364,
      "bin_edges": [
        0.0,
        1.0,
        2.000000001
      ],
      "bin_props": [
        0.3494254795573547,
        0.6505745204426453
      ]
    },
    "primary_signal": {
      "mean": -0.9954402743322635,
      "std": 0.09538695713402831,
      "q05": -1.0,
      "q95": -1.0,
      "n": 801364,
      "bin_edges": [
        -1.0,
        1.000000001
      ],
      "bin_props": [
        1.0
      ]
    },
    "frac_diff_d40": {
      "mean": 400.4195513793968,
      "std": 1588.1502414595477,
      "q05": 0.0019108498071321678,
      "q95": 2672.4678709494374,
      "n": 801364,
      "bin_edges": [
        -735.1488528765522,
        0.006426387825519824,
        0.019784793600693514,
        0.0507976452253562,
        0.21382298592263327,
        0.7132339072576546,
        1.4470669877413067,
        6.662263899557619,
        36.15680188827714,
        389.57344645221843,
        15884.627243971376
      ],
      "bin_props": [
        0.10000074872342656,
        0.09999950085104896,
        0.09999950085104896,
        0.10000074872342656,
        0.09999950085104896,
        0.09999950085104896,
        0.10000074872342656,
        0.09999950085104896,
        0.09999950085104896,
        0.10000074872342656
      ]
    },
    "volatility_7": {
      "mean": 0.00808318852308454,
      "std": 0.007348049281491602,
      "q05": 0.0019208161694978488,
      "q95": 0.019918097570400112,
      "n": 801364,
      "bin_edges": [
        0.00018487947244688664,
        0.00253203561126461,
        0.003480288844096963,
        0.004352855806704761,
        0.00525050749400884,
        0.0062468584165361425,
        0.007430536259373377,
        0.008949084196746445,
        0.011170486745434312,
        0.01527917563861321,
        0.3413221103251984
      ],
      "bin_props": [
        0.10000074872342656,
        0.09999950085104896,
        0.09999950085104896,
        0.10000074872342656,
        0.09999950085104896,
        0.09999950085104896,
        0.10000074872342656,
        0.09999950085104896,
        0.09999950085104896,
        0.10000074872342656
      ]
    },
    "atr_pct": {
      "mean": 0.013410602497163325,
      "std": 0.015022887535614683,
      "q05": 0.0030835684554554213,
      "q95": 0.033992185066538394,
      "n": 801364,
      "bin_edges": [
        0.0,
        0.004047830299645266,
        0.005564705154969761,
        0.006930224694613064,
        0.008353637312913297,
        0.009957397164031335,
        0.011904761904761793,
        0.014444699431353373,
        0.01824145530344639,
        0.025440120029038126,
        1.805903867248694
      ],
      "bin_props": [
        0.10000074872342656,
        0.09999950085104896,
        0.09999950085104896,
        0.10000074872342656,
        0.09999950085104896,
        0.09999825297867136,
        0.10000199659580415,
        0.09999950085104896,
        0.09999950085104896,
        0.10000074872342656
      ]
    },
    "rsi_14": {
      "mean": 49.89273328769939,
      "std": 11.578799445353507,
      "q05": 30.73511335618098,
      "q95": 69.22746284587386,
      "n": 801364,
      "bin_edges": [
        3.5318874016449797,
        35.16340973033164,
        40.411491521595345,
        43.99722781920346,
        47.001056840361954,
        49.828379538782926,
        52.68294014690362,
        55.73448538962654,
        59.41048769413007,
        64.74669810632055,
        98.63966211037732
      ],
      "bin_props": [
        0.10000074872342656,
        0.09999950085104896,
        0.09999950085104896,
        0.10000074872342656,
        0.09999950085104896,
        0.09999950085104896,
        0.10000074872342656,
        0.09999950085104896,
        0.09999950085104896,
        0.10000074872342656
      ]
    },
    "macd_hist": {
      "mean": -0.0647891717095137,
      "std": 28.221471676530783,
      "q05": -4.940158589252522,
      "q95": 4.504336392727981,
      "n": 801364,
      "bin_edges": [
        -947.8734909102877,
        -0.4985712156339107,
        -0.026212053618245846,
        -0.0028160998914091013,
        -0.00022128317693357837,
        -6.14105686183504e-09,
        0.00018690087731780276,
        0.0024487124213627273,
        0.02421410302475802,
        0.4573653219714647,
        884.8894829481212
      ],
      "bin_props": [
        0.10000074872342656,
        0.09999950085104896,
        0.09999950085104896,
        0.10000074872342656,
        0.09999950085104896,
        0.09999950085104896,
        0.10000074872342656,
        0.09999950085104896,
        0.09999950085104896,
        0.10000074872342656
      ]
    },
    "bb_pb": {
      "mean": 0.49598551932069124,
      "std": 0.32170458785812067,
      "q05": -0.015270013432027428,
      "q95": 1.001935333900801,
      "n": 801364,
      "bin_edges": [
        -0.5605283206240397,
        0.08066052928008646,
        0.1998499794602423,
        0.2941978616796554,
        0.3888519799511564,
        0.4952024144161117,
        0.6026735128907834,
        0.7008299639139228,
        0.795927357081009,
        0.9108263977865694,
        1.5608650690526857
      ],
      "bin_props": [
        0.10000074872342656,
        0.09999950085104896,
        0.09999950085104896,
        0.10000074872342656,
        0.09999950085104896,
        0.09999950085104896,
        0.10000074872342656,
        0.09999950085104896,
        0.09999950085104896,
        0.10000074872342656
      ]
    },
    "kc_width": {
      "mean": 0.05385354692386665,
      "std": 0.0433608503911687,
      "q05": 0.016166852096839556,
      "q95": 0.12002635035637522,
      "n": 801364,
      "bin_edges": [
        0.002152382130232462,
        0.020829897627715043,
        0.027461005725160727,
        0.03310063140897619,
        0.038518548807664345,
        0.044334618944939126,
        0.051071862356421714,
        0.05962493523463728,
        0.07187051033372631,
        0.09423302391220398,
        2.2410137128272565
      ],
      "bin_props": [
        0.10000074872342656,
        0.09999950085104896,
        0.09999950085104896,
        0.10000074872342656,
        0.09999950085104896,
        0.09999950085104896,
        0.10000074872342656,
        0.09999950085104896,
        0.09999950085104896,
        0.10000074872342656
      ]
    },
    "don_pos_20": {
      "mean": 0.5104991248597714,
      "std": 0.2692394328883039,
      "q05": 0.08945468967763624,
      "q95": 0.9297063935598683,
      "n": 801364,