{
  "model_key": "scalping",
  "timeframe": "1m",
  "saved_at": "2026-05-15T21:27:20.065829+00:00",
  "features": {
    "frac_diff_d40": {
      "mean": 718.147216796875,
      "std": 2636.04296875,
      "q05": 2.2324697852127427e-06,
      "q95": 9116.118701171876,
      "n": 7107530,
      "bin_edges": [
        -24.425504684448242,
        0.007140371715649964,
        0.07497843652963639,
        0.19172184616327287,
        0.5173114895820617,
        0.734228253364563,
        0.9521588325500491,
        1.3894460439682004,
        6.988261508941651,
        19.381255531311062,
        14213.431640626
      ],
      "bin_props": [
        0.1,
        0.1,
        0.1,
        0.1,
        0.1,
        0.1,
        0.1,
        0.1,
        0.1,
        0.1
      ]
    },
    "rsi_7": {
      "mean": 49.935768127441406,
      "std": 17.109081268310547,
      "q05": 21.7699182510376,
      "q95": 78.37651786804199,
      "n": 7107530,
      "bin_edges": [
        0.0005309319822117686,
        27.428229141235352,
        34.80834121704102,
        40.363564300537114,
        45.20026321411133,
        49.81506156921387,
        54.49076690673829,
        59.429708862304686,
        65.07004089355469,
        72.5752151489258,
        100.000000001
      ],
      "bin_props": [
        0.1,
        0.1,
        0.1,
        0.1,
        0.1,
        0.1,
        0.1,
        0.1,
        0.1,
        0.1
      ]
    },
    "macd_fast": {
      "mean": -0.0551636703312397,
      "std": 14.160735130310059,
      "q05": -0.1394418627023697,
      "q95": 0.12787088602781224,
      "n": 7107530,
      "bin_edges": [
        -3006.646240234375,
        -0.027805626578629016,
        -0.006106845755130053,
        -0.0016731401556171468,
        -0.00021912640077061945,
        -7.759508313665009e-10,
        0.0001984043337870391,
        0.0016320514958351846,
        0.005949506722390654,
        0.02719220835715535,
        1346.9085693369375
      ],
      "bin_props": [
        0.1,
        0.1,
        0.1,
        0.1,
        0.1,
        0.1,
        0.1,
        0.1,
        0.1,
        0.1
      ]
    },
    "volume_surge": {
      "mean": 0.1147197408945161,
      "std": 0.31868344204329246,
      "q05": 0.0,
      "q95": 1.0,
      "n": 7107530,
      "bin_edges": [
        0.0,
        1.000000001
      ],
      "bin_props": [
        1.0
      ]
    },
    "dist_to_micro_supp": {
      "mean": 0.003126595402136445,
      "std": 0.003899947740137577,
      "q05": 0.0,
      "q95": 0.009565217420458794,
      "n": 7107530,
      "bin_edges": [
        0.0,
        0.00024557957658544183,
        0.0006848142365925014,
        0.0010968921706080437,
        0.0015532384160906083,
        0.0020681668538600206,
        0.0027189746033400297,
        0.0035569106694310904,
        0.004761904943734407,
        0.007005253806710243,
        0.7803608785138855
      ],
      "bin_props": [
        0.09999563842853987,
        0.10000323600463171,
        0.0999881815483016,
        0.10001294401852683,
        0.09999957791243934,
        0.09999957791243934,
        0.09999957791243934,
        0.0999831164975737,
        0.09999831164975737,
        0.10001983811535091
      ]
    },
    "taker_buy_ratio": {
      "mean": 0.49135324358940125,
      "std": 0.2799997627735138,
      "q05": 0.024077000562101603,
      "q95": 0.9609897792339325,
      "n": 7107530,
      "bin_edges": [
        0.0,
        0.09602346494793892,
        0.2200792372226715,
        0.3210415571928025,
        0.40915837287902834,
        0.49064259231090546,
        0.5720723867416382,
        0.6600211203098296,
        0.7611804723739624,
        0.8861782670021058,
        1.000000001
      ],
      "bin_props": [
        0.1,
        0.1,
        0.1,
        0.1,
        0.1,
        0.09999985930414644,
        0.10000014069585356,
        0.1,
        0.1,
        0.1
      ]
    },
    "avg_trade_size": {
      "mean": 1310624.875,
      "std": 8384130.5,
      "q05": 0.005222327494993806,
      "q95": 1929626.9249999989,
      "n": 7107530,
      "bin_edges": [
        0.0,
        0.8454939961433411,
        3.3342446804046633,
        10.671284961700444,
        18.73061676025391,
        29.321096420288086,
        48.01714324951172,
        102.5780303955078,
        301.65227050781255,
        2374.700854492193,
        1087282688.0
      ],
      "bin_props": [
        0.1,
        0.1,
        0.1,
        0.1,
        0.1,
        0.09999971860829289,
        0.10000028139170711,
        0.1,
        0.1,
        0.1
      ]
    },
    "hour": {
      "mean": 11.446446093087191,
      "std": 6.963049815919428,
      "q05": 1.0,
      "q95": 22.0,
      "n": 7107530,
      "bin_edges": [
        0.0,
        2.0,
        4.0,
        7.0,
        9.0,
        11.0,
        14.0,
        16.0,
        19.0,
        21.0,
        23.000000001
      ],
      "bin_props": [
        0.08640062018732246,
        0.0837687635507694,
        0.12699249950404712,
        0.08308484100665069,
        0.08143841812837933,
        0.12549310379273812,
        0.08156251187121265,
        0.12126139460543958,
        0.08271846900399998,
        0.12727937834944067
      ]
    },
    "roc_3": {
      "mean": -2.3062797481543384e-05,
      "std": 0.0026159074623137712,
      "q05": -0.0033444815780967474,
      "q95": 0.003270645858719945,
      "n": 7107530,
      "bin_edges": [
        -0.5793213844299316,
        -0.0022563727339729666,
        -0.0012970168609172106,
        -0.0007509386632591486,
        -0.00029474616167135537,
        0.0,
        0.00027012426289729774,
        0.0007186489528976381,
        0.0012525049969553947,
        0.002191240387037404,
        0.7733915458188781
      ],
      "bin_props": [
        0.1,
        0.09999352799073659,
        0.1000061906175563,
        0.10000014069585356,
        0.058633027226054624,
        0.1413635960734601,
        0.09999915582487869,
        0.09999915582487869,
        0.10000520574658145,
        0.1
      ]
    },
    "roc_5": {
      "mean": -2.9537790396716446e-05,
      "std": 0.003294531488791108,
      "q05": -0.004279959946870804,
      "q95": 0.004179104696959257,
      "n": 7107530,
      "bin_edges": [
        -0.580426812171936,
        -0.0029133285861462355,
        -0.0016664683353155851,
        -0.0009660502546466887,
        -0.0004078303463757038,
        0.0,
        0.0003671745944302529,
        0.0009225092362612486,
        0.0016049124533310533,
        0.0028248587623238564,
        0.6109529147611389
      ],
      "bin_props": [
        0.09999324659902949,
        0.10000633131340986,
        0.09999873373731803,
        0.09999803025805026,
        0.0677463197482107,
        0.1322539616434964,
        0.09996904691221845,
        0.1000340483965597,
        0.0999582133314949,
        0.1000420680602122
      ]
    },
    "roc_10": {
      "mean": -2.647149085532874e-05,
      "std": 0.00445950822904706,
      "q05": -0.00595459621399641,
      "q95": 0.005879359901882703,
      "n": 7107530,
      "bin_edges": [
        -0.6758841276168823,
        -0.004040404222905636,
        -0.002288329415023327,
        -0.0013260066276416177,
        -0.0006058402941562235,
        0.0,
        0.0005577245028689504,
        0.0012716174824163318,
        0.002222222276031971,
        0.003952569328248501,
        0.29625198345048526
      ],
      "bin_props": [
        0.09996468534075832,
        0.10002588803705366,
        0.10000942662218802,
        0.09999929652073224,
        0.07710146844262353,
        0.1228919188522595,
        0.10000492435487433,
        0.09999690469122184,
        0.10000070347926776,
        0.10000478365902078
      ]
    },
    "bb_pb": {
      "mean": 0.49618804454803467,
      "std": 0.551938533782959,
      "q05": 0.02565833553671837,
      "q95": 0.9674597382545471,
      "n": 7107530,