{
  "model_key": "trend",
  "timeframe": "1w",
  "saved_at": "2026-05-14T22:22:31.115382+00:00",
  "features": {
    "frac_diff_d40": {
      "mean": 673.2769115994876,
      "std": 2851.3704212174785,
      "q05": -0.008380089237346414,
      "q95": 4211.754211803087,
      "n": 2211,
      "bin_edges": [
        -3211.488439590379,
        0.0,
        9.704813295836307e-06,
        0.03104035283935367,
        0.3562088747151999,
        14.730380646376858,
        449.2140570632787,
        25966.782922755632
      ],
      "bin_props": [
        0.060153776571687016,
        0.4396200814111262,
        0.10040705563093623,
        0.09950248756218906,
        0.09995477159656264,
        0.09995477159656264,
        0.10040705563093623
      ]
    },
    "macd": {
      "mean": 221.4284288230798,
      "std": 1338.69387288883,
      "q05": -32.68250337774559,
      "q95": 1201.2449436405232,
      "n": 2211,
      "bin_edges": [
        -4789.028374950343,
        -2.3916000368814245,
        -0.30435849714572605,
        -0.020023531297356706,
        -2.2331086121661126e-08,
        0.008693711108762228,
        0.10208760904220869,
        0.6348276807255804,
        5.5794261098576605,
        121.38931212064824,
        11165.99912576762
      ],
      "bin_props": [
        0.09995477159656264,
        0.09995477159656264,
        0.09995477159656264,
        0.09995477159656264,
        0.09995477159656264,
        0.10040705563093623,
        0.09950248756218906,
        0.09995477159656264,
        0.09995477159656264,
        0.10040705563093623
      ]
    },
    "macd_signal": {
      "mean": 201.29464171943062,
      "std": 1198.365471305368,
      "q05": -22.641787906143787,
      "q95": 1302.7608662281414,
      "n": 2211,
      "bin_edges": [
        -4359.363371680777,
        -2.612956688615248,
        -0.32185564512867887,
        -0.03158817113297402,
        -0.0017949456056132905,
        0.003443977016673077,
        0.03646518608474402,
        0.40416587655017927,
        3.96452057371992,
        77.15082523334952,
        9994.551663459013
      ],
      "bin_props": [
        0.09995477159656264,
        0.09995477159656264,
        0.10040705563093623,
        0.09950248756218906,
        0.09995477159656264,
        0.10040705563093623,
        0.09950248756218906,
        0.09995477159656264,
        0.09995477159656264,
        0.10040705563093623
      ]
    },
    "macd_hist": {
      "mean": 20.133787103649222,
      "std": 380.4449654991367,
      "q05": -26.407205645073248,
      "q95": 192.08751639380554,
      "n": 2211,
      "bin_edges": [
        -3878.5553896459605,
        -0.9786370903181094,
        -0.0864215052739527,
        -0.00019604080108553393,
        0.0010382185784177291,
        0.006293781549607962,
        0.048932936953424336,
        0.27058662385263044,
        1.353226715571708,
        19.397789564155644,
        4029.7141764798193
      ],
      "bin_props": [
        0.09995477159656264,
        0.09995477159656264,
        0.10040705563093623,
        0.09950248756218906,
        0.09995477159656264,
        0.10040705563093623,
        0.09950248756218906,
        0.09995477159656264,
        0.09995477159656264,
        0.10040705563093623
      ]
    },
    "trend_alignment": {
      "mean": 0.18181818181818182,
      "std": 0.3857818592744998,
      "q05": 0.0,
      "q95": 1.0,
      "n": 2211,
      "bin_edges": [
        0.0,
        1.000000001
      ],
      "bin_props": [
        1.0
      ]
    },
    "volume_surge": {
      "mean": 0.21483491632745363,
      "std": 0.4108006831078021,
      "q05": 0.0,
      "q95": 1.0,
      "n": 2211,
      "bin_edges": [
        0.0,
        1.000000001
      ],
      "bin_props": [
        1.0
      ]
    },
    "atr_14": {
      "mean": 463.4332387712438,
      "std": 1672.2373439322603,
      "q05": 0.0025475,
      "q95": 2885.5035714285714,
      "n": 2211,
      "bin_edges": [
        8.514285714285715e-07,
        0.007778571428571426,
        0.024100714285714288,
        0.09290000000000004,
        0.5153857142857142,
        1.3269285714285715,
        2.45,
        8.597857142857142,
        42.95214285714286,
        636.157142857143,
        11205.592142858144
      ],
      "bin_props": [
        0.09995477159656264,
        0.09995477159656264,
        0.10040705563093623,
        0.09950248756218906,
        0.09995477159656264,
        0.10040705563093623,
        0.09950248756218906,
        0.09995477159656264,
        0.09995477159656264,
        0.10040705563093623
      ]
    },
    "adx_14": {
      "mean": 37.74753566718246,
      "std": 19.253098876800795,
      "q05": 0.0,
      "q95": 73.12033202290765,
      "n": 2211,
      "bin_edges": [
        0.0,
        16.0800857306071,
        22.301454331721096,
        27.06242162934419,
        31.61460152339104,
        35.88082375750333,
        40.429107482537816,
        46.09739579767399,
        53.45759357256416,
        65.10917801861585,
        94.0492965500915
      ],
      "bin_props": [
        0.09995477159656264,
        0.09995477159656264,
        0.10040705563093623,
        0.09950248756218906,
        0.09995477159656264,
        0.09995477159656264,
        0.09995477159656264,
        0.09995477159656264,
        0.09995477159656264,
        0.10040705563093623
      ]
    },
    "don_pos_20": {
      "mean": 0.5423353448254687,
      "std": 0.28935872166649995,
      "q05": 0.06681703988592053,
      "q95": 0.9460023649278615,
      "n": 2211,
      "bin_edges": [
        0.0,
        0.1300893743793446,
        0.2387964318998802,
        0.3401015228426396,
        0.46355010414255965,
        0.5735559566787005,
        0.6737763193874762,
        0.7588966086384369,
        0.8430267508265705,
        0.9149508278351797,
        0.999885904360146
      ],
      "bin_props": [
        0.09995477159656264,
        0.09995477159656264,
        0.10040705563093623,
        0.09950248756218906,
        0.09995477159656264,
        0.09995477159656264,
        0.09995477159656264,
        0.09995477159656264,
        0.09995477159656264,
        0.10040705563093623
      ]
    },
    "kc_pos": {
      "mean": 0.6469086336015475,
      "std": 0.3593008750241492,
      "q05": 0.06443795596325913,
      "q95": 1.2660325047636265,
      "n": 2211,
      "bin_edges": [
        -0.32037543970149734,
        0.18492323264905755,
        0.33175942614591547,
        0.4481212542631845,
        0.54734059831752,
        0.6284745437543783,
        0.7216306142832023,
        0.8246306710114898,
        0.9491562067637483,
        1.1373657853014623,
        1.9057203110327623
      ],
      "bin_props": [
        0.09995477159656264,
        0.09995477159656264,
        0.10040705563093623,
        0.09950248756218906,
        0.09995477159656264,
        0.09995477159656264,
        0.09995477159656264,
        0.09995477159656264,
        0.09995477159656264,
        0.10040705563093623
      ]
    },
    "kc_width": {
      "mean": 0.7975430004619903,
      "std": 0.4428291602322513,
      "q05": 0.33664547899886127,
      "q95": 1.6261518322227417,
      "n": 2211,
      "bin_edges": [
        0.21285871746296592,
        0.3926714410682843,
        0.4849864159858551,
        0.5476225524477485,
        0.6151403117019917,
        0.6787506502109711,
        0.7635151396572212,
        0.8757347345070678,
        1.0396993079190564,
        1.3294529407696185,
        5.077032007115304
      ],
      "bin_props": [
        0.09995477159656264,
        0.09995477159656264,
        0.10040705563093623,
        0.09950248756218906,
        0.09995477159656264,
        0.10040705563093623,
        0.09950248756218906,
        0.09995477159656264,
        0.09995477159656264,
        0.10040705563093623
      ]
    },
    "vwap_dist": {
      "mean": 0.008750895388117599,
      "std": 0.04192094684583154,
      "q05": -0.056819888815335874,