{
  "model_key": "trend",
  "timeframe": "15m",
  "saved_at": "2026-05-14T19:11:00.314826+00:00",
  "features": {
    "frac_diff_d40": {
      "mean": 426.91392538087155,
      "std": 1643.2725188376955,
      "q05": 0.0016397514857374178,
      "q95": 2989.003266385259,
      "n": 2946610,
      "bin_edges": [
        -920.2162940268972,
        0.005841107887102505,
        0.015571631756987864,
        0.05142357123934342,
        0.20391389144744157,
        0.7103461335785544,
        1.3999596953127655,
        5.280649238417082,
        29.896938515631795,
        432.2281621316261,
        15123.502385121927
      ],
      "bin_props": [
        0.1,
        0.1,
        0.1,
        0.1,
        0.1,
        0.1,
        0.1,
        0.1,
        0.1,
        0.1
      ]
    },
    "macd": {
      "mean": 0.27939380884457465,
      "std": 48.161458553537145,
      "q05": -6.082717874336707,
      "q95": 8.186918860263601,
      "n": 2946610,
      "bin_edges": [
        -1543.7228340995061,
        -0.5095335710449717,
        -0.03176935545373567,
        -0.0033552913086943607,
        -0.00024945587636483464,
        1.8417872027449094e-08,
        0.0003045816776608093,
        0.0044585148498887785,
        0.04240692249076086,
        0.7384414488839985,
        2080.7388784838217
      ],
      "bin_props": [
        0.1,
        0.1,
        0.1,
        0.1,
        0.1,
        0.1,
        0.1,
        0.1,
        0.1,
        0.1
      ]
    },
    "macd_signal": {
      "mean": 0.2718839140101111,
      "std": 45.45319138712348,
      "q05": -5.782058133067104,
      "q95": 7.821433407614447,
      "n": 2946610,
      "bin_edges": [
        -1358.6734799387573,
        -0.4873219480399511,
        -0.030326374290162206,
        -0.003230978145256698,
        -0.00024193519305000123,
        1.526508595374793e-08,
        0.0002865391555273372,
        0.004200246014191814,
        0.0402371527439546,
        0.7029695324963988,
        1753.0197651524145
      ],
      "bin_props": [
        0.1,
        0.1,
        0.1,
        0.1,
        0.1,
        0.1,
        0.1,
        0.1,
        0.1,
        0.1
      ]
    },
    "macd_hist": {
      "mean": 0.007509894834463583,
      "std": 14.536115153052352,
      "q05": -2.348230880139656,
      "q95": 2.341589124763787,
      "n": 2946610,
      "bin_edges": [
        -638.0984248075599,
        -0.19596834628907295,
        -0.011433890540195292,
        -0.0012081715933265475,
        -8.396228070184433e-05,
        2.7621340079747497e-09,
        9.245565412649835e-05,
        0.0012522233412285133,
        0.011686341612262181,
        0.1977074609822808,
        825.912094644648
      ],
      "bin_props": [
        0.1,
        0.1,
        0.1,
        0.1,
        0.1,
        0.1,
        0.1,
        0.1,
        0.1,
        0.1
      ]
    },
    "trend_alignment": {
      "mean": 0.5039309579482864,
      "std": 0.49998463217148387,
      "q05": 0.0,
      "q95": 1.0,
      "n": 2946610,
      "bin_edges": [
        0.0,
        1.000000001
      ],
      "bin_props": [
        1.0
      ]
    },
    "volume_surge": {
      "mean": 0.16285595989968132,
      "std": 0.3692342650579704,
      "q05": 0.0,
      "q95": 1.0,
      "n": 2946610,
      "bin_edges": [
        0.0,
        1.000000001
      ],
      "bin_props": [
        1.0
      ]
    },
    "atr_14": {
      "mean": 16.077575186620006,
      "std": 65.03880847435602,
      "q05": 7.571428571428609e-05,
      "q95": 102.70864285714248,
      "n": 2946610,
      "bin_edges": [
        1.2857142857142733e-08,
        0.00021714285714285672,
        0.0008407142857142859,
        0.002900000000000002,
        0.012928571428571432,
        0.03785714285714269,
        0.09000000000000011,
        0.31071428571428533,
        1.5214285714285742,
        20.62285714285711,
        1944.5378571438566
      ],
      "bin_props": [
        0.09998608570526808,
        0.10001187805647846,
        0.09999932125391552,
        0.0999585964888465,
        0.10003936727290004,
        0.09997692263312756,
        0.10001764739819657,
        0.10000441184954914,
        0.1000057693417181,
        0.1
      ]
    },
    "adx_14": {
      "mean": 35.830139826154465,
      "std": 15.918118823345145,
      "q05": 14.380155954299555,
      "q95": 66.17816504887453,
      "n": 2946610,
      "bin_edges": [
        0.0,
        17.238814135381947,
        21.641951533830902,
        25.51357840414783,
        29.32891953868918,
        33.29256329624481,
        37.640173255241244,
        42.67248804357903,
        49.01449481361856,
        58.360453517457636,
        100.000000001
      ],
      "bin_props": [
        0.1,
        0.1,
        0.1,
        0.1,
        0.1,
        0.1,
        0.1,
        0.1,
        0.1,
        0.1
      ]
    },
    "don_pos_20": {
      "mean": 0.5172292364460229,
      "std": 0.2733398240045105,
      "q05": 0.08004791896425494,
      "q95": 0.9429211771605372,
      "n": 2946610,
      "bin_edges": [
        0.0,
        0.14099216710182733,
        0.24118905363155851,
        0.3333333333333333,
        0.42638036809815744,
        0.520072292821853,
        0.6143344709897617,
        0.7054263565891508,
        0.7952020883579244,
        0.8888888888888976,
        1.000000001
      ],
      "bin_props": [
        0.1,
        0.1,
        0.09941424212909072,
        0.10058575787090929,
        0.1,
        0.09999966062695775,
        0.10000033937304224,
        0.1,
        0.09999830313478879,
        0.10000169686521121
      ]
    },
    "kc_pos": {
      "mean": 0.5075970438084823,
      "std": 0.3197299058290545,
      "q05": 0.019671274784349286,
      "q95": 1.0078480781398855,
      "n": 2946610,
      "bin_edges": [
        -45.52571659641096,
        0.1308504083352985,
        0.26064175154665503,
        0.35244893337838823,
        0.43118141880501776,
        0.505497167208595,
        0.5801653581662815,
        0.6594099399430968,
        0.7533886667538587,
        0.8894968037648032,
        2.5955674222759586
      ],
      "bin_props": [
        0.1,
        0.1,
        0.1,
        0.1,
        0.1,
        0.1,
        0.1,
        0.1,
        0.1,
        0.1
      ]
    },
    "kc_width": {
      "mean": 0.02647559759524054,
      "std": 0.021007028886100964,
      "q05": 0.007638189548020294,
      "q95": 0.06100387854416973,
      "n": 2946610,
      "bin_edges": [
        0.00040747203980450787,
        0.009799676168660752,
        0.012971331487257216,
        0.015719656263251794,
        0.018452202508714204,
        0.0214121731249825,
        0.02488264770019444,
        0.02933153626912434,
        0.03574023836681051,
        0.04751383181306639,
        1.2529202372828339
      ],
      "bin_props": [
        0.1,
        0.1,
        0.1,
        0.1,
        0.1,
        0.1,
        0.1,
        0.1,
        0.1,
        0.1
      ]
    },
    "vwap_dist": {
      "mean": 291553.25536296883,
      "std": 288268608.5453513,
      "q05": -0.02439111388308328,
      "q95": 0.025658317409568143,
      "n": 2946610,
      "bin_edges": [
        -0.3360511609195085,
        -0.01606897533111321,
        -0.008541124845171052,
        -0.004598302139514706,
        -0.0020046009345015985,
        -2.1348852530117556e-05,
        0.001971832539087685,
        0.004590763971833101,
        0.008618411164753035,
        0.016518853316636713,
        297300000000.0
      ],
      "bin_props": [
        0.1,
        0.1,
        0.1,
        0.1,
        0.1,
        0.1,
        0.1,
        0.1,
        0.1,
        0.1
      ]
    },
    "ofi_z": {
      "mean": 0.00044690722589222774,
      "std": 0.980959126465334,
      "q05": -1.6971612905947386,
      "q95": 1.6198943319072459,
      "n": 2946610,