{
  "model_key": "trend",
  "timeframe": "1d",
  "saved_at": "2026-05-14T21:14:14.841053+00:00",
  "features": {
    "frac_diff_d40": {
      "mean": 452.5617990623371,
      "std": 1842.7438975443044,
      "q05": 0.0,
      "q95": 2840.6222678855656,
      "n": 19702,
      "bin_edges": [
        -3312.685215797803,
        1.0821142364757007e-05,
        0.007398538330056139,
        0.02515751636771851,
        0.08579950210819923,
        0.4730940006300228,
        1.2377736807566593,
        4.434943912613923,
        29.181792982229513,
        427.42008587067625,
        17935.467951579583
      ],
      "bin_props": [
        0.10004060501471931,
        0.09998984874632016,
        0.09998984874632016,
        0.09998984874632016,
        0.09998984874632016,
        0.09998984874632016,
        0.09998984874632016,
        0.09998984874632016,
        0.09998984874632016,
        0.10004060501471931
      ]
    },
    "macd": {
      "mean": 25.219714356243202,
      "std": 402.5203122551829,
      "q05": -47.02564628817881,
      "q95": 182.9733805287958,
      "n": 19702,
      "bin_edges": [
        -4627.809777755581,
        -4.283432866151119,
        -0.21703814827178855,
        -0.02355120790617039,
        -0.0019811584736476218,
        9.422830904531193e-05,
        0.006042053512959329,
        0.12090503148912017,
        0.8613743541520147,
        14.662260605247432,
        5922.367445458625
      ],
      "bin_props": [
        0.10004060501471931,
        0.09998984874632016,
        0.09998984874632016,
        0.09998984874632016,
        0.09998984874632016,
        0.09998984874632016,
        0.09998984874632016,
        0.09998984874632016,
        0.09998984874632016,
        0.10004060501471931
      ]
    },
    "macd_signal": {
      "mean": 22.12287390942438,
      "std": 378.6410449825875,
      "q05": -60.88913749534941,
      "q95": 168.48966014136798,
      "n": 19702,
      "bin_edges": [
        -4634.237745131693,
        -4.694581988970891,
        -0.22605770526224508,
        -0.029260975485028873,
        -0.002470677820501392,
        2.138459087832095e-06,
        0.004608748330130505,
        0.10237493807873659,
        0.7406138423203769,
        12.4575065942502,
        6306.081846584459
      ],
      "bin_props": [
        0.10004060501471931,
        0.09998984874632016,
        0.09998984874632016,
        0.09998984874632016,
        0.09998984874632016,
        0.09998984874632016,
        0.09998984874632016,
        0.09998984874632016,
        0.09998984874632016,
        0.10004060501471931
      ]
    },
    "macd_hist": {
      "mean": 3.0968404468188173,
      "std": 122.94667853273747,
      "q05": -18.061554505817124,
      "q95": 38.4122299398396,
      "n": 19702,
      "bin_edges": [
        -1628.8907824690223,
        -1.3019082558884172,
        -0.06263218911337629,
        -0.0036324504023439023,
        -9.910808673340518e-05,
        0.0003623870354172695,
        0.003842879623843646,
        0.03974186945052712,
        0.2472468800407308,
        3.9776823966152324,
        1374.703163743852
      ],
      "bin_props": [
        0.10004060501471931,
        0.09998984874632016,
        0.09998984874632016,
        0.09998984874632016,
        0.09998984874632016,
        0.09998984874632016,
        0.09998984874632016,
        0.09998984874632016,
        0.09998984874632016,
        0.10004060501471931
      ]
    },
    "trend_alignment": {
      "mean": 0.4668561567353568,
      "std": 0.49891293790150576,
      "q05": 0.0,
      "q95": 1.0,
      "n": 19702,
      "bin_edges": [
        0.0,
        1.000000001
      ],
      "bin_props": [
        1.0
      ]
    },
    "volume_surge": {
      "mean": 0.15303014922342908,
      "std": 0.3600256957545405,
      "q05": 0.0,
      "q95": 1.0,
      "n": 19702,
      "bin_edges": [
        0.0,
        1.000000001
      ],
      "bin_props": [
        1.0
      ]
    },
    "atr_14": {
      "mean": 162.77795556226312,
      "std": 596.0406837253405,
      "q05": 0.0010249999999999992,
      "q95": 1180.0493928571486,
      "n": 19702,
      "bin_edges": [
        1.771428571428572e-07,
        0.002571428571428573,
        0.009114571428571425,
        0.02993050000000003,
        0.1488257142857144,
        0.41860714285714284,
        0.9802828571428576,
        3.42939928571428,
        16.872857142857168,
        218.95485714285743,
        5453.303571429572
      ],
      "bin_props": [
        0.10004060501471931,
        0.09998984874632016,
        0.09998984874632016,
        0.09998984874632016,
        0.09998984874632016,
        0.09998984874632016,
        0.09998984874632016,
        0.09998984874632016,
        0.09998984874632016,
        0.10004060501471931
      ]
    },
    "adx_14": {
      "mean": 36.479835188846884,
      "std": 16.31876957638065,
      "q05": 14.422500083573297,
      "q95": 67.98217797882398,
      "n": 19702,
      "bin_edges": [
        0.0,
        17.50466471711885,
        22.20452263190969,
        26.497203588620764,
        30.403247523041195,
        34.16632936042623,
        38.349675481153994,
        43.2641888080433,
        49.43514310972866,
        59.313537061429116,
        98.45360492781923
      ],
      "bin_props": [
        0.10004060501471931,
        0.09998984874632016,
        0.09998984874632016,
        0.09998984874632016,
        0.09998984874632016,
        0.09998984874632016,
        0.09998984874632016,
        0.09998984874632016,
        0.09998984874632016,
        0.10004060501471931
      ]
    },
    "don_pos_20": {
      "mean": 0.5234666848514496,
      "std": 0.280540510741197,
      "q05": 0.08596312866652778,
      "q95": 0.9445708286960026,
      "n": 19702,
      "bin_edges": [
        0.0,
        0.1373574916238805,
        0.229012304546462,
        0.32467928715068317,
        0.4240194654132841,
        0.5277211392275938,
        0.6321625130289854,
        0.7285470894462849,
        0.8179779427081783,
        0.9023005775397346,
        1.000000001
      ],
      "bin_props": [
        0.10004060501471931,
        0.09998984874632016,
        0.09998984874632016,
        0.09998984874632016,
        0.09998984874632016,
        0.09998984874632016,
        0.09998984874632016,
        0.09998984874632016,
        0.09998984874632016,
        0.10004060501471931
      ]
    },
    "kc_pos": {
      "mean": 0.5428574806720657,
      "std": 0.33267056986895954,
      "q05": 0.027676164929232226,
      "q95": 1.0981145313628355,
      "n": 19702,
      "bin_edges": [
        -3.9089425689775794,
        0.1329355283155616,
        0.2604652728655309,
        0.35612471925459754,
        0.44577892477638725,
        0.5323098840359406,
        0.6206269711604866,
        0.714862430626519,
        0.8236445720142522,
        0.9777533268137132,
        2.217667931407548
      ],
      "bin_props": [
        0.10004060501471931,
        0.09998984874632016,
        0.09998984874632016,
        0.09998984874632016,
        0.09998984874632016,
        0.09998984874632016,
        0.09998984874632016,
        0.09998984874632016,
        0.09998984874632016,
        0.10004060501471931
      ]
    },
    "kc_width": {
      "mean": 0.26954122244182,
      "std": 0.16347744856040614,
      "q05": 0.10652889962300807,
      "q95": 0.5379911179268619,
      "n": 19702,
      "bin_edges": [
        0.044230421723621426,
        0.12917314281552286,
        0.16071418380428962,
        0.1868948622481768,
        0.21040262319311237,
        0.23438325988075914,
        0.2623731851472616,
        0.29574292210791514,
        0.34454262185699613,
        0.4405560325936177,
        3.207570451119824
      ],