{
  "model_key": "trend",
  "timeframe": "1h",
  "saved_at": "2026-05-14T22:38:45.193823+00:00",
  "features": {
    "frac_diff_d40": {
      "mean": 397.78811108155605,
      "std": 1584.661769441214,
      "q05": 0.0018134917842582438,
      "q95": 2617.846245146703,
      "n": 789354,
      "bin_edges": [
        -735.1488528765522,
        0.006313275757382992,
        0.018862542755102792,
        0.04974244542407818,
        0.2077311920923021,
        0.7042935785330711,
        1.4250579703158752,
        6.162227612479895,
        35.10113108285268,
        384.82260276665596,
        15892.3409259172
      ],
      "bin_props": [
        0.10000076011523347,
        0.09999949325651102,
        0.09999949325651102,
        0.10000076011523347,
        0.09999949325651102,
        0.09999949325651102,
        0.10000076011523347,
        0.09999949325651102,
        0.09999949325651102,
        0.10000076011523347
      ]
    },
    "macd": {
      "mean": 0.9119210852244614,
      "std": 88.67881128303374,
      "q05": -12.105151320148797,
      "q95": 17.614522685573096,
      "n": 789354,
      "bin_edges": [
        -2527.269180558884,
        -1.1112450020408402,
        -0.06373070948897705,
        -0.0064083789713256425,
        -0.0005258890442759928,
        8.75055332876766e-08,
        0.0007327118483021269,
        0.010386588366566628,
        0.09538454596322385,
        1.8589346390325547,
        2390.73592191972
      ],
      "bin_props": [
        0.10000076011523347,
        0.09999949325651102,
        0.09999949325651102,
        0.10000076011523347,
        0.09999949325651102,
        0.09999949325651102,
        0.10000076011523347,
        0.09999949325651102,
        0.09999949325651102,
        0.10000076011523347
      ]
    },
    "macd_signal": {
      "mean": 0.9030025343801947,
      "std": 83.35254562053305,
      "q05": -11.483944881159587,
      "q95": 17.021674954656607,
      "n": 789354,
      "bin_edges": [
        -2148.075670374619,
        -1.0571558199722326,
        -0.06079879461016134,
        -0.00596344575422014,
        -0.00049581933949768,
        8.050383495984577e-08,
        0.0007015492943447917,
        0.009954682304298067,
        0.09071769376446508,
        1.7732670864554279,
        1991.8154584356714
      ],
      "bin_props": [
        0.10000076011523347,
        0.09999949325651102,
        0.09999949325651102,
        0.10000076011523347,
        0.09999949325651102,
        0.09999949325651102,
        0.10000076011523347,
        0.09999949325651102,
        0.09999949325651102,
        0.10000076011523347
      ]
    },
    "macd_hist": {
      "mean": 0.008918550844266715,
      "std": 27.404299238038988,
      "q05": -4.590010248222778,
      "q95": 4.477362472243013,
      "n": 789354,
      "bin_edges": [
        -947.8734909102877,
        -0.4577679009194196,
        -0.024154770387155595,
        -0.0024915406325202935,
        -0.00019019447379152124,
        7.139433287072876e-09,
        0.00020259331085114698,
        0.00255333509694497,
        0.024187654462636893,
        0.4530850344135507,
        884.8894829481212
      ],
      "bin_props": [
        0.10000076011523347,
        0.09999949325651102,
        0.09999949325651102,
        0.10000076011523347,
        0.09999949325651102,
        0.09999949325651102,
        0.10000076011523347,
        0.09999949325651102,
        0.09999949325651102,
        0.10000076011523347
      ]
    },
    "trend_alignment": {
      "mean": 0.5003281164091143,
      "std": 0.5000002090545238,
      "q05": 0.0,
      "q95": 1.0,
      "n": 789354,
      "bin_edges": [
        0.0,
        1.000000001
      ],
      "bin_props": [
        1.0
      ]
    },
    "volume_surge": {
      "mean": 0.16091259434930336,
      "std": 0.3674505441283506,
      "q05": 0.0,
      "q95": 1.0,
      "n": 789354,
      "bin_edges": [
        0.0,
        1.000000001
      ],
      "bin_props": [
        1.0
      ]
    },
    "atr_14": {
      "mean": 30.557867019430073,
      "std": 122.47495447901873,
      "q05": 0.0002042857142857139,
      "q95": 181.80203571428433,
      "n": 789354,
      "bin_edges": [
        2.214285714285717e-08,
        0.0005135714285714307,
        0.0017664285714285727,
        0.005887142857142861,
        0.026471428571428566,
        0.07907142857142857,
        0.18887142857142863,
        0.6778642857142875,
        3.561428571428577,
        37.06578571428588,
        2920.848571429571
      ],
      "bin_props": [
        0.09999695953906612,
        0.10000202697395592,
        0.10000076011523347,
        0.09999949325651102,
        0.10000076011523347,
        0.09999949325651102,
        0.10000076011523347,
        0.09999949325651102,
        0.09999949325651102,
        0.10000076011523347
      ]
    },
    "adx_14": {
      "mean": 36.93837612008165,
      "std": 16.2676666667855,
      "q05": 14.76413051494979,
      "q95": 67.73953817317167,
      "n": 789354,
      "bin_edges": [
        0.0,
        17.772378336673835,
        22.341488082645988,
        26.37718031146331,
        30.327094851267276,
        34.447456747183224,
        38.93237672509491,
        44.12569140240911,
        50.6645416832461,
        60.131599733742995,
        100.000000001
      ],
      "bin_props": [
        0.10000076011523347,
        0.09999949325651102,
        0.09999949325651102,
        0.10000076011523347,
        0.09999949325651102,
        0.09999949325651102,
        0.10000076011523347,
        0.09999949325651102,
        0.09999949325651102,
        0.10000076011523347
      ]
    },
    "don_pos_20": {
      "mean": 0.5166332972345774,
      "std": 0.27055441258006846,
      "q05": 0.09078590785907877,
      "q95": 0.9337772515399575,
      "n": 789354,
      "bin_edges": [
        0.0,
        0.14678899082568828,
        0.2406015037593989,
        0.3297522955532751,
        0.4221311475409841,
        0.5183246073298422,
        0.6153259736797468,
        0.7076838048221337,
        0.7949375810542935,
        0.883116883116883,
        1.000000001
      ],
      "bin_props": [
        0.10000076011523347,
        0.09999695953906612,
        0.10000202697395592,
        0.10000076011523347,
        0.09999949325651102,
        0.09999949325651102,
        0.10000076011523347,
        0.09999949325651102,
        0.09999822639778858,
        0.10000202697395592
      ]
    },
    "kc_pos": {
      "mean": 0.5075528728230457,
      "std": 0.31775120071439183,
      "q05": 0.015254478192870926,
      "q95": 1.0163844194233027,
      "n": 789354,
      "bin_edges": [
        -21.051042849785674,
        0.12693927992291462,
        0.2582097805388585,
        0.3511408444270811,
        0.4300962293403165,
        0.5048848028479498,
        0.5799872197619609,
        0.6606897159921604,
        0.7581855239483067,
        0.8974565220200019,
        2.2674964159124
      ],
      "bin_props": [
        0.10000076011523347,
        0.09999949325651102,
        0.09999949325651102,
        0.10000076011523347,
        0.09999949325651102,
        0.09999949325651102,
        0.10000076011523347,
        0.09999949325651102,
        0.09999949325651102,
        0.10000076011523347
      ]
    },
    "kc_width": {
      "mean": 0.0522931465477752,
      "std": 0.03738247055681068,
      "q05": 0.016052921537112214,
      "q95": 0.11511522255468837,
      "n": 789354,
      "bin_edges": [
        0.002152382130232462,
        0.020670965797819213,
        0.02721850498449487,
        0.03277553957493256,
        0.03809469943629809,
        0.0437714795455299,
        0.0503112871310097,
        0.058534711695454024,
        0.07021626816258396,
        0.09122060936650934,
        1.9542195328933598
      ],