{
  "model_key": "trend",
  "timeframe": "4h",
  "saved_at": "2026-05-14T21:08:14.683245+00:00",
  "features": {
    "frac_diff_d40": {
      "mean": 432.6991509463181,
      "std": 1678.545470007326,
      "q05": 0.0003049268841543036,
      "q95": 2977.7792326869994,
      "n": 162760,
      "bin_edges": [
        -1227.4042128202018,
        0.004908203580656217,
        0.01367968849631273,
        0.04795141586979626,
        0.1854112417865268,
        0.68194126809601,
        1.3777501437672983,
        5.0963855307627925,
        29.254595883224216,
        448.9401488306595,
        16911.289852507583
      ],
      "bin_props": [
        0.1,
        0.1,
        0.1,
        0.1,
        0.1,
        0.1,
        0.1,
        0.1,
        0.1,
        0.1
      ]
    },
    "macd": {
      "mean": 4.553378095545993,
      "std": 176.43185876046522,
      "q05": -24.352443558975697,
      "q95": 50.029651558008716,
      "n": 162760,
      "bin_edges": [
        -3167.7074997697055,
        -1.691659730934452,
        -0.11575228167337775,
        -0.011153130210702487,
        -0.0009098248595363827,
        2.259538918520068e-06,
        0.0016816746179548815,
        0.030607805735849928,
        0.2390824744258116,
        4.196295438476121,
        3174.4725213827146
      ],
      "bin_props": [
        0.1,
        0.1,
        0.1,
        0.1,
        0.1,
        0.1,
        0.1,
        0.1,
        0.1,
        0.1
      ]
    },
    "macd_signal": {
      "mean": 4.5376992999645065,
      "std": 166.67222143475664,
      "q05": -23.11323503806935,
      "q95": 47.71158530829324,
      "n": 162760,
      "bin_edges": [
        -2960.7477128439637,
        -1.5939980877437765,
        -0.10855761864597858,
        -0.010716190251590676,
        -0.000888081359707052,
        6.213694112983796e-07,
        0.001568458551171187,
        0.028898042987251602,
        0.2286316981653958,
        3.9920639948443806,
        3034.0597579268365
      ],
      "bin_props": [
        0.1,
        0.1,
        0.1,
        0.1,
        0.1,
        0.1,
        0.1,
        0.1,
        0.1,
        0.1
      ]
    },
    "macd_hist": {
      "mean": 0.015678795581486066,
      "std": 53.205706210157935,
      "q05": -10.233556363048862,
      "q95": 10.630721307972877,
      "n": 162760,
      "bin_edges": [
        -1257.8768198701616,
        -0.7919819856729888,
        -0.046275740865175455,
        -0.0043406769697527684,
        -0.0002661591738907066,
        4.373371326490935e-06,
        0.0005228205472861628,
        0.0069559003374283935,
        0.0546519073529627,
        0.8595089549103014,
        1330.6085133305246
      ],
      "bin_props": [
        0.1,
        0.1,
        0.1,
        0.1,
        0.1,
        0.1,
        0.1,
        0.1,
        0.1,
        0.1
      ]
    },
    "trend_alignment": {
      "mean": 0.4864401572868027,
      "std": 0.49981763229127857,
      "q05": 0.0,
      "q95": 1.0,
      "n": 162760,
      "bin_edges": [
        0.0,
        1.000000001
      ],
      "bin_props": [
        1.0
      ]
    },
    "volume_surge": {
      "mean": 0.15745269107888915,
      "std": 0.36422816506865524,
      "q05": 0.0,
      "q95": 1.0,
      "n": 162760,
      "bin_edges": [
        0.0,
        1.000000001
      ],
      "bin_props": [
        1.0
      ]
    },
    "atr_14": {
      "mean": 66.0109846554704,
      "std": 249.64279761057813,
      "q05": 0.0003649642857142853,
      "q95": 452.73435714285677,
      "n": 162760,
      "bin_edges": [
        4.642857142857147e-08,
        0.00096,
        0.0037855714285714268,
        0.012671428571428563,
        0.06131857142857151,
        0.16711785714285707,
        0.37928571428571417,
        1.3054142857142803,
        6.276000000000016,
        87.55678571428531,
        3563.833571429572
      ],
      "bin_props": [
        0.1,
        0.1,
        0.1,
        0.1,
        0.1,
        0.09999385598427132,
        0.10000614401572867,
        0.1,
        0.1,
        0.1
      ]
    },
    "adx_14": {
      "mean": 36.49814899586005,
      "std": 15.768585907740563,
      "q05": 14.906559738453304,
      "q95": 66.37342585628276,
      "n": 162760,
      "bin_edges": [
        0.0,
        17.888892159996338,
        22.480185187727805,
        26.45030092063476,
        30.23836270079581,
        34.13388838133879,
        38.40093623848107,
        43.4389291176188,
        49.567740573510434,
        59.02537338600558,
        100.000000001
      ],
      "bin_props": [
        0.1,
        0.1,
        0.1,
        0.1,
        0.1,
        0.1,
        0.1,
        0.1,
        0.1,
        0.1
      ]
    },
    "don_pos_20": {
      "mean": 0.5200284428525941,
      "std": 0.2717220321591552,
      "q05": 0.09271969603936062,
      "q95": 0.9339103293269555,
      "n": 162760,
      "bin_edges": [
        0.0,
        0.1473062055636089,
        0.23954372623574102,
        0.330434782608695,
        0.4256021460491554,
        0.5251235920282114,
        0.622323756907138,
        0.7138643067846615,
        0.8000000000000004,
        0.8869315499838138,
        1.000000001
      ],
      "bin_props": [
        0.1,
        0.1,
        0.1,
        0.1,
        0.1,
        0.1,
        0.1,
        0.09998771196854264,
        0.10001228803145736,
        0.1
      ]
    },
    "kc_pos": {
      "mean": 0.5127153923781614,
      "std": 0.33231995811657167,
      "q05": 0.013121696951743445,
      "q95": 1.0358449113340356,
      "n": 162760,
      "bin_edges": [
        -11.270462096948734,
        0.12505765982184106,
        0.2576173144161007,
        0.3520972392313578,
        0.43212975846811785,
        0.5106250877420467,
        0.5895915369183168,
        0.6727095916863925,
        0.7705897198723984,
        0.9125544697386709,
        2.0100787339005093
      ],
      "bin_props": [
        0.1,
        0.1,
        0.1,
        0.1,
        0.1,
        0.1,
        0.1,
        0.1,
        0.1,
        0.1
      ]
    },
    "kc_width": {
      "mean": 0.10686471876088352,
      "std": 0.06936924414662263,
      "q05": 0.037398268667070605,
      "q95": 0.22361046834738876,
      "n": 162760,
      "bin_edges": [
        0.006812909028886711,
        0.046532779903230403,
        0.059550274863404855,
        0.07046607736847475,
        0.08091873284163739,
        0.09188729474949528,
        0.10403661102481264,
        0.11920054744723912,
        0.1408141576935409,
        0.18028875435499117,
        2.8489260250769366
      ],
      "bin_props": [
        0.1,
        0.1,
        0.1,
        0.1,
        0.1,
        0.1,
        0.1,
        0.1,
        0.1,
        0.1
      ]
    },
    "vwap_dist": {
      "mean": 0.000630108551998075,
      "std": 0.016700814147055643,
      "q05": -0.023351302502743542,
      "q95": 0.02587298458812007,
      "n": 162760,
      "bin_edges": [
        -0.23951547777138388,
        -0.015433640311786054,
        -0.008141150222569669,
        -0.00435519977946749,
        -0.0018413613973013467,
        0.00015000891352052895,
        0.0022091138602384165,
        0.004854883621155388,
        0.008900049042385835,
        0.0168203870442099,
        0.7944202167786223
      ],
      "bin_props": [
        0.1,
        0.1,
        0.1,
        0.1,
        0.1,
        0.1,
        0.1,
        0.1,
        0.1,
        0.1
      ]
    },
    "ofi_z": {
      "mean": 0.004737972207081945,
      "std": 0.9951269175911164,
      "q05": -1.7102719479810742,
      "q95": 1.6417683174830073,
      "n": 162760,
      "bin_edges": [
        -3.0,
        -1.2161501369135483,
        -0.7135787466623387,
        -0.41105962572526417,
        -0.17738208742275988,
        0.029430393645040312,
        0.22930133814405018,
        0.44629340167187637,
        0.7228614412734805,
        1.1791342333731845,
        3.000000001
      ],