{
  "sharpe":{
    "A_Original":-0.1530625,
    "B_New":0.0638456522
  },
  "sortino":{
    "A_Original":-0.0429375,
    "B_New":0.0221804348
  },
  "win_rate_pct":{
    "A_Original":48.1525,
    "B_New":36.1547826087
  },
  "max_drawdown_pct":{
    "A_Original":-12.960125,
    "B_New":-11.5315652174
  },
  "n_trades":{
    "A_Original":1250.3625,
    "B_New":937.8869565217
  }
}