{
  "sharpe":{
    "A_Original":0.141025,
    "B_New":0.0532785714
  },
  "sortino":{
    "A_Original":0.0485125,
    "B_New":0.0209928571
  },
  "win_rate_pct":{
    "A_Original":47.2425,
    "B_New":33.7542857143
  },
  "max_drawdown_pct":{
    "A_Original":-14.027875,
    "B_New":-13.2866904762
  },
  "n_trades":{
    "A_Original":1769.1625,
    "B_New":993.5452380952
  }
}