{
  "restarts": [
    1778439583.6080484,
    1778461544.7790635
  ],
  "tripped": false,
  "last_status_ts": 1778925535.4948273,
  "last_status_payload_hash": ""
}