{
    "accuracy": 54.10126293832549,
    "long_accuracy": 52.646530552399106,
    "short_accuracy": 55.43443572904244,
    "last_trained": "2026-04-27T14:38:33.778345+00:00"
}