{
    "accuracy": 53.55602793805041,
    "long_accuracy": 54.32119483134754,
    "short_accuracy": 53.12202550923282
}