{
    "accuracy": 53.826530612244895,
    "long_accuracy": 52.346748546989794,
    "short_accuracy": 55.190538764783184
}