{"accuracy": 55.62101427269967, "long_accuracy": 74.48017270764686, "short_accuracy": 33.96398747390397}