{"accuracy": 51.70681674731748, "long_accuracy": 70.45957977590916, "short_accuracy": 38.80248028058544}