{"accuracy": 51.795370686859656, "long_accuracy": 70.54643048845948, "short_accuracy": 38.8617380486938, "last_trained": "2026-04-27T14:40:30.726557+00:00"}