{"accuracy": 52.425333333333334, "long_accuracy": 51.29884411426896, "short_accuracy": 52.847935899669054}