{"accuracy": 50.073209570228485, "long_accuracy": 49.349272112913354, "short_accuracy": 52.419642263850044, "last_trained": "2026-04-27T15:26:31.183419+00:00"}