{"accuracy": 50.05530468892538, "long_accuracy": 49.36890434705553, "short_accuracy": 52.38068434120745}