{"accuracy": 51.82622305068054, "long_accuracy": 50.24542808739846, "short_accuracy": 52.90146254985966}