{"accuracy": 51.94314296011744, "long_accuracy": 50.39553485101521, "short_accuracy": 52.97504798464492, "last_trained": "2026-04-27T14:39:39.916801+00:00"}