{"accuracy": 51.93127817716583, "long_accuracy": 51.87500000000001, "short_accuracy": 51.95138085000826}